ID,Date,Summary,Sentiment
0,2022-09-04,ARREST,2
1,2022-08-18,Charges,2
2,2022-08-11,Murder,2
3,2022-08-08,Victims,2
4,2022-08-06,Terror,2
5,2022-08-02,Shot,0
6,2022-07-13,Theft,2
7,2022-07-01,Unknown,2
8,2022-06-22,Alert,2
9,2022-06-06,Terror,1
10,2022-06-03,Shootout,1
11,2022-05-30,Theft,1
12,2022-05-29,Violence,2
13,2022-05-28,Terrorist,0
14,2022-05-22,Terror,2
15,2022-05-15,Terrorist,2
16,2022-05-15,Hate,1
17,2022-05-15,Attack,2
18,2022-05-14,Terror,2
19,2022-05-08,Terror,2
20,2022-04-16,Attack,1
21,2022-04-16,Murder,2
22,2022-04-14,Death,1
23,2022-04-09,Assault,2
24,2022-03-31,Shock,0
25,2022-03-20,SHOOT,1
26,2022-03-14,Shootings,2
27,2022-03-13,Violence,1
28,2022-02-23,Fatalities,1
29,2022-02-22,Rage,1
30,2022-02-04,Trial,1
31,2022-01-31,Reject,2
32,2022-01-31,Release,2
33,2022-01-16,Death,2
34,2022-01-15,Suspect,2
35,2022-01-09,Plea,2
36,2022-01-07,Deny,1
37,2022-01-02,Terrorists,1
38,2021-12-28,Terror,2
39,2021-12-24,Sentencing,2
40,2021-12-23,Murder,2
41,2021-12-11,Deny,1
42,2021-12-09,Victims,1
43,2021-12-07,SCAM,1
44,2021-12-03,Murder,2
45,2021-11-29,Lies,1
46,2021-11-28,RISE,2
47,2021-11-27,Death,1
48,2021-11-20,Lies,1
49,2021-11-18,Violence,1
50,2021-11-02,Abuse,1
51,2021-10-28,Torture,1
52,2021-10-09,Prosecution,1
53,2021-10-05,Threat,1
54,2021-09-09,Explosives,2
55,2021-09-06,Violence,2
56,2021-09-05,Massacre,2
57,2021-09-03,Records,1
58,2021-09-03,Theft,1
59,2021-09-02,Abuse,2
60,2021-08-15,Fines,2
61,2021-07-07,Failure,2
62,2021-06-19,Rate,2
63,2021-05-26,Fals,2
64,2021-05-26,Violence,0
65,2021-05-02,Shootings,2
66,2021-04-30,Murder,1
67,2021-04-28,Grief,1
68,2021-04-22,Violence,1
69,2021-04-19,Violence,2
70,2021-04-18,Gun,1
71,2021-04-18,Assault,2
72,2021-04-14,Toxicity,2
73,2021-04-09,Abuse,1
74,2021-04-07,Abuse,2
75,2021-04-04,Emotion,2
76,2021-03-28,Charges,2
77,2021-01-27,Violence,1
78,2021-01-05,Assault,1
79,2020-12-28,ANTI,1
80,2020-12-27,Violence,1
81,2020-12-27,Death,1
82,2020-12-22,Arrests,1
83,2020-11-28,BUST,2
84,2020-10-28,Violence,2
85,2020-09-17,Solic,2
86,2020-09-14,Accident,2
87,2020-08-20,Appeals,2
88,2020-08-05,Firing,2
89,2020-07-05,Violence,2
90,2020-06-28,Violence,1
91,2020-06-28,Violence,1
92,2020-05-25,RISE,2
93,2020-05-10,Death,2
94,2020-04-12,Deaths,1
95,2020-03-29,Pandemic,2
96,2019-12-12,Hate,1
97,2019-11-14,Charges,2
98,2019-11-14,Shoot,3
99,2019-11-11,Abuse,2
100,2019-11-09,Death,2
101,2019-11-05,Assault,1
102,2019-11-04,Assault,1
103,2019-11-04,Search,1
104,2019-10-28,Violence,1
105,2019-10-21,Violence,1
106,2019-10-15,Violence,1
107,2019-10-13,Attack,2
108,2019-10-12,Lawsuit,2
109,2019-10-12,Violence,2
110,2019-10-10,Allegation,1
111,2019-10-10,Violence,2
112,2019-10-10,Murder,1
113,2019-10-09,Assault,1
114,2019-10-08,KILL,2
115,2019-10-07,Escape,0
116,2019-10-06,KILL,1
117,2019-10-06,Shootings,2
118,2019-10-06,Rape,2
119,2019-10-04,Abuse,2
120,2019-10-03,Abuse,1
121,2019-10-03,SCAND,2
122,2019-10-02,Violence,1
123,2019-10-01,Hackers,1
124,2019-09-27,Charges,2
125,2019-09-26,Arrests,1
126,2019-09-19,Alert,2
127,2019-01-14,Unknown,1
128,2019-01-14,Death,2
129,2019-01-13,Relief,1
130,2019-01-09,VICT,1
131,2018-12-28,Murder,1
132,2018-12-25,Return,2
133,2018-12-14,Ban.,1
134,2018-12-12,PRAY,1
135,2018-12-04,FIND,2
136,2018-12-03,Theft,1
137,2018-11-28,Assault,1
138,2018-11-19,Murder,1
139,2018-11-16,Hate,1
140,2018-11-16,SCAM,2
141,2018-11-03,Violence,2
142,2018-10-29,Tribute,1
143,2018-10-24,Murder,1
144,2018-10-21,Assault,0
145,2018-10-17,Violence,2
146,2018-10-11,Threat,0
147,2018-10-09,Sale,2
148,2018-10-05,Kits,2
149,2018-10-02,Unknown,2
150,2018-10-01,Assault,2
151,2018-10-01,Theft,1
152,2018-09-30,Fatalities,2
153,2018-09-27,Fear,1
154,2018-09-22,Assault,2
155,2018-09-21,ABUSE,2
156,2018-09-08,Dogs,2
157,2018-05-26,Violence,0
158,2018-05-25,Theft,2
159,2018-05-25,Assault,0
160,2018-05-25,Attack,2
161,2018-05-23,Abuse,2
162,2018-05-22,Gunman,2
163,2018-05-21,Rage,1
164,2018-05-19,Deaths,2
165,2018-05-18,Malfeas,2
166,2018-05-18,Assault,2
167,2018-05-16,Justice,2
168,2018-05-16,VICT,2
169,2018-05-16,Abuse,2
170,2018-05-11,Shoot,2
171,2018-05-11,Charges,2
172,2018-05-11,Terror,2
173,2018-05-11,BRAG,1
174,2018-05-10,Death,2
175,2018-05-10,Terror,0
176,2018-05-10,Rape,2
177,2018-05-10,Hate,2
178,2018-05-08,Threats,0
179,2018-05-08,CAUGHT,2
180,2018-05-07,Deaths,2
181,2018-05-06,HERO,1
182,2018-05-05,Murder,2
183,2018-05-05,Hero,2
184,2018-05-04,Buzz,2
185,2018-05-03,Attack,2
186,2018-05-03,Man,2
187,2018-05-03,Mob,1
188,2018-05-03,Release,2
189,2018-05-02,Convict,2
190,2018-05-02,Violent,2
191,2018-05-02,Violence,1
192,2018-05-02,Crash,2
193,2018-05-01,Sentencing,1
194,2018-05-01,Violence,1
195,2018-04-30,Kidn,2
196,2018-04-29,Justice,1
197,2018-04-27,Justice,2
198,2018-04-27,Link,2
199,2018-04-27,Arrests,1
200,2018-04-26,ARREST,2
201,2018-04-26,FOUND,2
202,2018-04-26,Trial,2
203,2018-04-26,OUTR,0
204,2018-04-26,Infection,2
205,2018-04-25,Support,2
206,2018-04-25,Justice,2
207,2018-04-25,ARREST,2
208,2018-04-24,Death,2
209,2018-04-24,Theft,2
210,2018-04-24,HERO,2
211,2018-04-23,Arrested,2
212,2018-04-21,Threat,2
213,2018-04-20,Gunman,2
214,2018-04-20,Death,2
215,2018-04-20,Charges,2
216,2018-04-18,Skeptic,1
217,2018-04-18,Brutal,1
218,2018-04-18,Brutality,2
219,2018-04-17,GUST,2
220,2018-04-17,Violence,2
221,2018-04-17,Victim,0
222,2018-04-14,Threat,1
223,2018-04-12,DENY,1
224,2018-04-11,Unknown,2
225,2018-04-09,Theft,2
226,2018-04-09,JUMP,1
227,2018-04-09,INDICT,2
228,2018-04-08,Arrested,0
229,2018-04-06,Twist,1
230,2018-04-06,Shoot,2
231,2018-04-05,Violence,2
232,2018-04-04,Violence,2
233,2018-04-04,Spread,2
234,2018-04-03,Attack,2
235,2018-04-03,Arrested,2
236,2018-04-02,Unknown,1
237,2018-04-02,Death,0
238,2018-03-30,Trial,1
239,2018-03-30,Mail,2
240,2018-03-30,Violence,1
241,2018-03-29,Verdict,2
242,2018-03-28,Unknown,2
243,2018-03-27,ARREST,0
244,2018-03-27,Accused,1
245,2018-03-26,FATHER,1
246,2018-03-26,Assault,2
247,2018-03-26,Assault,2
248,2018-03-23,Attack,2
249,2018-03-22,Violence,1
250,2018-03-21,Explos,0
251,2018-03-21,DEAD,2
252,2018-03-21,OUTR,2
253,2018-03-21,Shocked,1
254,2018-03-20,Blast,1
255,2018-03-20,Violence,0
256,2018-03-19,Bomb,0
257,2018-03-19,Theft,2
258,2018-03-15,Danger,2
259,2018-03-15,Delayed,2
260,2018-03-15,Threats,2
261,2018-03-15,Assault,2
262,2018-03-14,Trial,2
263,2018-03-14,Unknown,0
264,2018-03-13,MASSAC,1
265,2018-03-13,Blast,2
266,2018-03-12,Terror,2
267,2018-03-10,Shootout,2
268,2018-03-09,Warns,1
269,2018-03-09,Shootout,2
270,2018-03-08,HORR,2
271,2018-03-08,Fatalities,2
272,2018-03-07,Violence,2
273,2018-03-07,INDICT,2
274,2018-03-07,SCAM,1
275,2018-03-07,Deny,2
276,2018-03-06,Theft,1
277,2018-03-02,Abuse,0
278,2018-03-02,Violence,0
279,2018-03-02,Deaths,1
280,2018-03-01,Attack,2
281,2018-03-01,Suspect,1
282,2018-02-28,Violence,1
283,2018-02-27,Violence,1
284,2018-02-26,Terror,1
285,2018-02-23,Death,2
286,2018-02-23,Epidemic,2
287,2018-02-22,Suspended,1
288,2018-02-20,Violence,1
289,2018-02-19,SHOCK,1
290,2018-02-19,Unknown,1
291,2018-02-18,Abuse,2
292,2018-02-17,WOR,2
293,2018-02-16,NO,1
294,2018-02-15,Leader.,2
295,2018-02-14,Theft,2
296,2018-02-12,Death,1
297,2018-02-11,Gunfire,0
298,2018-02-02,Truth,2
299,2018-02-02,Violence,1
300,2018-02-02,Assault,1
301,2018-02-01,Denial,2
302,2018-02-01,Violence,1
303,2018-01-30,Punishment,2
304,2018-01-28,Gunmen,2
305,2018-01-27,Lawsuit,2
306,2018-01-25,SURV,2
307,2018-01-25,INDICT,2
308,2018-01-25,Hate,2
309,2018-01-24,Violence,1
310,2018-01-23,Threat,0
311,2018-01-23,Trafficking,1
312,2018-01-22,Theft,2
313,2018-01-22,Sus,2
314,2018-01-22,Rape,2
315,2018-01-17,Abuse,2
316,2018-01-17,Murder,1
317,2018-01-16,Abuse,1
318,2018-01-16,Violence,1
319,2018-01-16,Torture,1
320,2018-01-14,Death,1
321,2018-01-13,VOW,2
322,2018-01-07,Abuse,2
323,2018-01-06,SHOOT,1
324,2018-01-06,Terror,1
325,2018-01-05,Probe,1
326,2018-01-04,Shoot,2
327,2018-01-03,Arrests,2
328,2018-01-02,Suspect,2
329,2018-01-01,Murder,1
330,2018-01-01,Shootings,2
331,2017-12-30,SCAM,2
332,2017-12-30,Abuse,2
333,2017-12-30,Gunman,2
334,2017-12-29,Attack,0
335,2017-12-29,Death,2
336,2017-12-28,Conv,2
337,2017-12-27,Traged,2
338,2017-12-26,HORR,1
339,2017-12-24,Violence,1
340,2017-12-23,Shot,0
341,2017-12-22,Attackers,2
342,2017-12-21,Violence,1
343,2017-12-20,Assault,0
344,2017-12-20,Fatal,2
345,2017-12-16,Death,2
346,2017-12-15,FIND,1
347,2017-12-15,Abuse,0
348,2017-12-14,Lead,1
349,2017-12-13,Violence,2
350,2017-12-13,Assault,1
351,2017-12-12,Fatal,2
352,2017-12-12,Threat.,0
353,2017-12-11,Shootings,2
354,2017-12-11,Terror,1
355,2017-12-11,Assault,1
356,2017-12-09,DENY,2
357,2017-12-09,Abuse,2
358,2017-12-08,Murderer,2
359,2017-12-07,Vanish,0
360,2017-12-04,Abuse,2
361,2017-12-04,Suspect,2
362,2017-12-03,FOUND,2
363,2017-12-02,Death,2
364,2017-12-02,Assault,0
365,2017-12-02,Attack,2
366,2017-11-29,DISAP,1
367,2017-11-29,Terror,2
368,2017-11-29,Fire,2
369,2017-11-28,Safety,2
370,2017-11-28,Failure,1
371,2017-11-27,Assault,2
372,2017-11-25,Accident,0
373,2017-11-24,Fatal,1
374,2017-11-24,Death,1
375,2017-11-23,Attackers,2
376,2017-11-23,Death,1
377,2017-11-20,Threats,2
378,2017-11-17,Violence,2
379,2017-11-16,Manson,2
380,2017-11-16,Abuse,2
381,2017-11-15,Attack,0
382,2017-11-15,Death,2
383,2017-11-15,HORR,2
384,2017-11-15,Unknown,1
385,2017-11-14,Death,2
386,2017-11-13,Unknown,1
387,2017-11-13,ANGR,2
388,2017-11-11,incestuous,0
389,2017-11-10,Offense,0
390,2017-11-10,Heaven,1
391,2017-11-10,Assault,2
392,2017-11-10,Dogs,2
393,2017-11-09,Reform.,2
394,2017-11-09,Death,2
395,2017-11-08,Abuse,1
396,2017-11-08,Trauma,1
397,2017-11-07,Raid,1
398,2017-11-06,Violence,0
399,2017-11-06,Fail,1
400,2017-11-05,Massacre,2
401,2017-11-04,Danger,2
402,2017-11-02,Shooters,2
403,2017-11-01,Terror,2
404,2017-11-01,Abuse,2
405,2017-11-01,Death,0
406,2017-10-31,Rape,2
407,2017-10-31,Violence,1
408,2017-10-31,Alert,2
409,2017-10-28,Terror,2
410,2017-10-26,Deny,2
411,2017-10-26,Charges,2
412,2017-10-25,Obsession,1
413,2017-10-25,Assault,1
414,2017-10-24,Murder,2
415,2017-10-24,Death,2
416,2017-10-24,Increase,2
417,2017-10-23,Punishment,1
418,2017-10-23,Violence,1
419,2017-10-23,Deaths,1
420,2017-10-20,Deny,0
421,2017-10-20,Rage,2
422,2017-10-20,Prank,2
423,2017-10-20,Terror,2
424,2017-10-20,Execution,1
425,2017-10-16,Terror,2
426,2017-10-14,Survived,2
427,2017-10-14,Shift,2
428,2017-10-12,Abuse,2
429,2017-10-11,Fail,1
430,2017-10-11,DIFFER,1
431,2017-10-11,Fired,1
432,2017-10-10,Shock,2
433,2017-10-10,Unknown,1
434,2017-10-09,Abuse,2
435,2017-10-09,Theft,2
436,2017-10-07,Stench,2
437,2017-10-05,EXPLOS,2
438,2017-10-05,HERO,1
439,2017-10-05,Attack,0
440,2017-10-04,Money,1
441,2017-10-04,Stock,1
442,2017-10-04,Motive,0
443,2017-10-04,Perjury,2
444,2017-10-03,Violence,1
445,2017-10-03,Reality,2
446,2017-10-02,FIRE,2
447,2017-10-02,Killer,0
448,2017-10-02,Chaos,2
449,2017-10-01,Release,2
450,2017-09-29,Violence,0
451,2017-09-29,Scandal,2
452,2017-09-28,Suspects,2
453,2017-09-27,Murderer,1
454,2017-09-20,OUTR,2
455,2017-09-20,Assault,2
456,2017-09-19,Panic,0
457,2017-09-18,Violence,1
458,2017-09-15,Shoot,2
459,2017-09-14,Theft,2
460,2017-09-13,Violence,2
461,2017-09-13,Convict,2
462,2017-09-09,Issue,1
463,2017-09-09,DISAP,0
464,2017-09-08,Assault,1
465,2017-09-05,Accident.,2
466,2017-09-04,HEROIC,2
467,2017-09-04,Murder,2
468,2017-09-03,Fraud,2
469,2017-09-02,Arrest,2
470,2017-08-27,Tunn,2
471,2017-08-27,Violence,1
472,2017-08-25,VOW,0
473,2017-08-24,Man,2
474,2017-08-24,Search,1
475,2017-08-22,Arrested,2
476,2017-08-21,Trial,0
477,2017-08-20,Assault,2
478,2017-08-19,Violence,2
479,2017-08-18,Wrink,2
480,2017-08-13,Violence,1
481,2017-08-13,Death,1
482,2017-08-12,Crash,2
483,2017-08-12,Terror,2
484,2017-08-11,Terror,2
485,2017-08-10,Assault,2
486,2017-08-10,Arrest,1
487,2017-08-10,Shock.,0
488,2017-08-07,Accident,0
489,2017-08-06,Violence,2
490,2017-08-06,See,1
491,2017-08-05,Terror,2
492,2017-08-05,Violence,2
493,2017-08-04,Symp,2
494,2017-08-04,Death,2
495,2017-08-03,Accident,1
496,2017-07-31,Assault,1
497,2017-07-30,Unknown,1
498,2017-07-29,Fatal,2
499,2017-07-24,VIO,2
500,2017-07-24,Attack,2
501,2017-07-23,ARREST,1
502,2017-07-23,HORR,2
503,2017-07-16,Violence,1
504,2017-07-16,Assault,0
505,2017-07-16,Fans,1
506,2017-07-15,Blaze,2
507,2017-07-14,Assault,1
508,2017-07-14,KILL,2
509,2017-07-05,Shock,0
510,2017-07-04,Murder,2
511,2017-07-04,PANIC,2
512,2017-07-03,Accident,2
513,2017-07-03,CAUSE,0
514,2017-07-03,Accident,2
515,2017-07-02,Violence,2
516,2017-07-01,Violence,1
517,2017-07-01,ASSASS,2
518,2017-06-29,JUSTICE,1
519,2017-06-25,Violence,1
520,2017-06-24,Arrest,1
521,2017-06-24,Failure,2
522,2017-06-24,Rape,2
523,2017-06-18,HORR,2
524,2017-06-17,Death,1
525,2017-06-13,Fine,2
526,2017-06-10,Danger,2
527,2017-06-10,Testimony,2
528,2017-06-10,Death,0
529,2017-06-10,Peace,1
530,2017-06-10,ANGR,2
531,2017-06-04,Unknown,1
532,2017-06-04,Attack,0
533,2017-06-03,SCAND,1
534,2017-06-03,Laws,2
535,2017-06-02,VOW,0
536,2017-06-02,Suspect,2
537,2017-06-01,Unknown,2
538,2017-06-01,Will,2
539,2017-05-30,Vanish,1
540,2017-05-30,FOUND,2
541,2017-05-29,Violence,2
542,2017-05-28,Attack,2
543,2017-05-27,Hate,1
544,2017-05-27,Terror,2
545,2017-05-27,Violence,2
546,2017-05-25,Death,2
547,2017-05-24,Assault,2
548,2017-05-22,Hate,1
549,2017-05-21,Reform,2
550,2017-05-20,Assault,2
551,2017-05-19,Hate,2
552,2017-05-17,Scan,2
553,2017-05-14,Violence,2
554,2017-05-13,Hero,2
555,2017-05-13,Fatalities,2
556,2017-05-13,Assaults,2
557,2017-05-09,Violence,1
558,2017-05-07,Fatal,1
559,2017-05-07,Violence,1
560,2017-05-06,Accused,1
561,2017-05-05,Probe,2
562,2017-05-04,Assault.,2
563,2017-05-03,Death,2
564,2017-05-03,Accident,3
565,2017-05-03,STRANG,1
566,2017-05-03,Danger,2
567,2017-05-02,Violence,2
568,2017-05-01,EXPLO,2
569,2017-05-01,SHOOT,2
570,2017-05-01,Attack,3
571,2017-04-30,DEVAST,1
572,2017-04-30,DEVAST,2
573,2017-04-29,Dece,1
574,2017-04-27,Violence,1
575,2017-04-27,HERO,2
576,2017-04-25,Attackers,2
577,2017-04-24,Execution,2
578,2017-04-24,HORR,1
579,2017-04-21,Rage,0
580,2017-04-21,Death,2
581,2017-04-21,Consequences,1
582,2017-04-20,Hate,2
583,2017-04-19,Punishment,1
584,2017-04-18,VOW,1
585,2017-04-18,Violence,1
586,2017-04-18,Assault,2
587,2017-04-18,SENTENCE,1
588,2017-04-17,Attack,1
589,2017-04-17,Attack,2
590,2017-04-17,Crash,1
591,2017-04-16,Safety,2
592,2017-04-16,Arrested,2
593,2017-04-16,Murder,0
594,2017-04-15,Fatal,3
595,2017-04-14,Abuse,2
596,2017-04-14,Arrests,2
597,2017-04-13,Death,2
598,2017-04-13,Assault,2
599,2017-04-13,Attack,2
600,2017-04-12,F,2
601,2017-04-11,Threat,2
602,2017-04-10,Massacre,2
603,2017-04-10,SHOUT,2
604,2017-04-09,Panic,2
605,2017-04-09,Shoot,2
606,2017-04-08,Death,2
607,2017-04-08,SCAM,2
608,2017-04-07,Assault,0
609,2017-04-07,KILL,0
610,2017-04-06,Threats,1
611,2017-04-05,Violence,1
612,2017-04-05,Assault,1
613,2017-04-04,Terror,2
614,2017-04-04,Theft,2
615,2017-04-04,Murder,1
616,2017-04-03,Death,2
617,2017-04-03,Violence,1
618,2017-04-02,ARREST,1
619,2017-04-02,Shoot,2
620,2017-04-02,Death,2
621,2017-03-31,Murder,2
622,2017-03-31,Collapse,2
623,2017-03-31,Gunfire,1
624,2017-03-30,Silence,2
625,2017-03-30,Murderer,2
626,2017-03-29,HORR,2
627,2017-03-29,Theft,2
628,2017-03-28,Assault,2
629,2017-03-28,Theft,1
630,2017-03-28,Attack,2
631,2017-03-28,Fatal,2
632,2017-03-28,Terror,1
633,2017-03-27,Scheme,2
634,2017-03-27,Blaze,2
635,2017-03-26,Violence,2
636,2017-03-26,Torture,2
637,2017-03-24,Terror,0
638,2017-03-23,Blaze,0
639,2017-03-23,FLAMES,2
640,2017-03-20,ABducted,2
641,2017-03-19,DETAINED,2
642,2017-03-19,Drugs,0
643,2017-03-17,Theft,2
644,2017-03-16,Rape,1
645,2017-03-16,Accident,2
646,2017-03-16,Assaults,0
647,2017-03-15,Wolves.,1
648,2017-03-15,Assault,2
649,2017-03-13,SHOCK,1
650,2017-03-11,Attack,2
651,2017-03-11,Theft,2
652,2017-03-11,Abuse,1
653,2017-03-09,Charges,2
654,2017-03-08,Violence,1
655,2017-03-07,Assault,2
656,2017-03-07,Chaos,0
657,2017-03-07,Terror,2
658,2017-03-06,RAC,1
659,2017-03-05,Death,2
660,2017-03-05,Hate,1
661,2017-03-05,Scandal,2
662,2017-03-04,Attack,2
663,2017-03-03,HORR,2
664,2017-03-03,Violence,2
665,2017-03-02,Prank,0
666,2017-03-01,Trial,2
667,2017-03-01,Terror,1
668,2017-02-28,Hate,2
669,2017-02-28,Violence,1
670,2017-02-27,HERO,2
671,2017-02-27,Violence,2
672,2017-02-27,Trial,2
673,2017-02-26,Accident,2
674,2017-02-26,Violence,2
675,2017-02-26,Assault,0
676,2017-02-25,Rhet,2
677,2017-02-25,Death,1
678,2017-02-25,Theft,2
679,2017-02-24,Weed,2
680,2017-02-24,Death,2
681,2017-02-23,Violence,1
682,2017-02-22,Death,2
683,2017-02-22,Theft,0
684,2017-02-21,Punish,2
685,2017-02-21,"""",2
686,2017-02-20,Gain,2
687,2017-02-19,Assault,2
688,2017-02-19,Search,2
689,2017-02-19,Death,2
690,2017-02-18,Violence,0
691,2017-02-18,Chaos,0
692,2017-02-17,Murder,1
693,2017-02-17,Bombing,2
694,2017-02-17,Violence,1
695,2017-02-17,Attack,1
696,2017-02-16,Violence,2
697,2017-02-15,Launch,0
698,2017-02-14,ASSASS,2
699,2017-02-14,Fail,2
700,2017-02-14,Man,2
701,2017-02-12,FALL,0
702,2017-02-11,Flood,2
703,2017-02-09,Accident,2
704,2017-02-09,Lie,1
705,2017-02-08,Death,1
706,2017-02-07,ARREST,0
707,2017-02-07,EXON,0
708,2017-02-07,Assault,2
709,2017-02-06,Assault,2
710,2017-02-06,Body,2
711,2017-02-05,Attack,0
712,2017-02-05,Trafficking,1
713,2017-02-05,RISE,2
714,2017-02-05,Suspect,0
715,2017-02-04,Assaults,2
716,2017-02-03,Assault,2
717,2017-02-02,Uprising,2
718,2017-02-02,Rage,2
719,2017-02-02,DISAP,0
720,2017-02-01,Shoot,0
721,2017-02-01,Violence,2
722,2017-01-31,Lie,2
723,2017-01-31,Vengeance,2
724,2017-01-28,ALERT,2
725,2017-01-28,KILL,2
726,2017-01-27,Murder,1
727,2017-01-27,Theft,0
728,2017-01-26,Violence,2
729,2017-01-26,Attack,2
730,2017-01-26,Attack,2
731,2017-01-24,Shoot,1
732,2017-01-24,Assault,1
733,2017-01-23,Attack,2
734,2017-01-23,Violence,0
735,2017-01-20,Lawsuit,2
736,2017-01-19,THIE,0
737,2017-01-19,Attack,2
738,2017-01-18,Murderer,1
739,2017-01-17,Support,1
740,2017-01-16,PUN,0
741,2017-01-15,REUN,2
742,2017-01-14,Death,2
743,2017-01-14,Abuse,2
744,2017-01-13,Fatal,0
745,2017-01-13,Shoot,1
746,2017-01-12,Rage,1
747,2017-01-12,Assault,2
748,2017-01-11,Death,0
749,2017-01-10,Attack,0
750,2017-01-10,VIO,2
751,2017-01-10,Death,2
752,2017-01-10,Rage,1
753,2017-01-09,Ap,2
754,2017-01-09,Death,1
755,2017-01-09,VILE,1
756,2017-01-08,Assault,2
757,2017-01-08,Blast,2
758,2017-01-08,Murderer,2
759,2017-01-07,SAVE,2
760,2017-01-07,FIND,2
761,2017-01-06,SAY,1
762,2017-01-06,SCOLD,2
763,2017-01-05,Unknown,0
764,2017-01-05,Assault,2
765,2017-01-04,Accident,2
766,2017-01-03,Death,2
767,2017-01-03,FAST,2
768,2017-01-03,Blunder,2
769,2017-01-02,Ban,2
770,2017-01-02,Shock,1
771,2017-01-02,Violence,1
772,2017-01-02,Violence,2
773,2017-01-02,Ferv,2
774,2017-01-02,Attack,2
775,2017-01-02,Ban.,0
776,2017-01-02,Violence,2
777,2017-01-01,Abuse,2
778,2017-01-01,Search,2
779,2017-01-01,ANIMAL,2
780,2016-12-30,Death,0
781,2016-12-29,Deny,0
782,2016-12-29,Unknown,2
783,2016-12-29,Tough,2
784,2016-12-29,USE,2
785,2016-12-28,Completion,2
786,2016-12-27,Search,2
787,2016-12-27,Chaos.,2
788,2016-12-27,Fear,0
789,2016-12-26,Escape,2
790,2016-12-26,Violence,2
791,2016-12-26,Deaths,0
792,2016-12-25,Decor,2
793,2016-12-23,THANKS,2
794,2016-12-23,Violence,1
795,2016-12-22,Blaze,2
796,2016-12-22,Unknown,0
797,2016-12-22,Attack,2
798,2016-12-21,Decrease,1
799,2016-12-20,Panic,2
800,2016-12-20,Abduction,1
801,2016-12-20,Hold,1
802,2016-12-19,Traged,2
803,2016-12-18,Fatal,1
804,2016-12-18,Blaze,1
805,2016-12-15,Jury,2
806,2016-12-14,CAUGHT,2
807,2016-12-13,CHARG,2
808,2016-12-12,Attack,0
809,2016-12-11,Rhet,2
810,2016-12-10,Assault,1
811,2016-12-09,Shoot,2
812,2016-12-09,Theft,2
813,2016-12-09,ANGR,2
814,2016-12-09,Terror,2
815,2016-12-09,Ban,2
816,2016-12-08,Rage,1
817,2016-12-08,Brutal,1
818,2016-12-06,Blaze,2
819,2016-12-06,ANGER,1
820,2016-12-05,OUTR,0
821,2016-12-05,Death,2
822,2016-12-05,Victims,2
823,2016-12-05,Assault,1
824,2016-12-05,Apology,1
825,2016-12-05,Murder,2
826,2016-12-04,Blaze,2
827,2016-12-04,Death,1
828,2016-12-04,Death,2
829,2016-12-03,Blaze,2
830,2016-12-03,Attack,2
831,2016-12-03,FUG,2
832,2016-12-03,Unknown,2
833,2016-12-02,Shoot,1
834,2016-12-01,Hostage,2
835,2016-11-30,Attackers,2
836,2016-11-30,Chase,1
837,2016-11-30,Theft,2
838,2016-11-30,Terrorist,1
839,2016-11-29,Terrorist,1
840,2016-11-29,Terrorist,2
841,2016-11-29,Shootout,0
842,2016-11-28,Violence,2
843,2016-11-28,Attack,2
844,2016-11-27,Violence,1
845,2016-11-27,Threat,2
846,2016-11-26,Massacre,2
847,2016-11-26,Terror,2
848,2016-11-25,Jury,2
849,2016-11-24,Violence,2
850,2016-11-24,Assault,1
851,2016-11-24,Tension,1
852,2016-11-24,Escape,2
853,2016-11-24,EXPLO,1
854,2016-11-23,Hate,2
855,2016-11-23,Fatal,0
856,2016-11-23,Accident,2
857,2016-11-22,Fatalities,1
858,2016-11-22,Fatal,1
859,2016-11-21,Attack,2
860,2016-11-21,Murder,2
861,2016-11-21,Panic,2
862,2016-11-20,SHOT,0
863,2016-11-20,THIE,2
864,2016-11-20,Death.,0
865,2016-11-19,Accident,2
866,2016-11-19,Violence,2
867,2016-11-19,FOUND,2
868,2016-11-18,Overturn,1
869,2016-11-17,Shield,1
870,2016-11-17,Terror,1
871,2016-11-16,Accident,2
872,2016-11-15,Terror,0
873,2016-11-15,Shootings,2
874,2016-11-15,Attack,1
875,2016-11-15,Abuse,2
876,2016-11-14,Order,2
877,2016-11-14,Arrests,2
878,2016-11-14,Accused,1
879,2016-11-14,Fatal,1
880,2016-11-13,MANH,1
881,2016-11-13,Violence,1
882,2016-11-12,Violence,1
883,2016-11-12,Murder,1
884,2016-11-10,Violence,2
885,2016-11-09,Theft,2
886,2016-11-08,Rape,1
887,2016-11-08,Shootings,2
888,2016-11-07,Theft,2
889,2016-11-06,Suspect,1
890,2016-11-06,Murderer,2
891,2016-11-05,SCOLD,2
892,2016-11-04,Attack,2
893,2016-11-04,Foul,2
894,2016-11-04,Attack,0
895,2016-11-04,Violence,2
896,2016-11-03,GONE,2
897,2016-11-03,PENN,1
898,2016-11-03,Accident,2
899,2016-11-02,Attackers,1
900,2016-11-02,Testify,2
901,2016-11-01,Tamper,2
902,2016-11-01,Accident,1
903,2016-11-01,Lawsuit,2
904,2016-11-01,Arrest,1
905,2016-10-31,Unknown,0
906,2016-10-31,Accident,2
907,2016-10-31,ANGER,0
908,2016-10-31,KILLED,2
909,2016-10-30,Powder,0
910,2016-10-30,Terror,2
911,2016-10-28,Terror,1
912,2016-10-28,Blaze,2
913,2016-10-27,Suicide,1
914,2016-10-27,Assaults,2
915,2016-10-26,THIE,2
916,2016-10-25,FALL,2
917,2016-10-24,Attack,2
918,2016-10-24,Smash,2
919,2016-10-23,Assault,2
920,2016-10-22,Sentenced,2
921,2016-10-22,Spill,2
922,2016-10-22,Violence,2
923,2016-10-21,Suspect,2
924,2016-10-20,Death,2
925,2016-10-19,Violence,2
926,2016-10-19,Attack,2
927,2016-10-19,Violence,0
928,2016-10-17,Blaze,2
929,2016-10-16,Fatalities,1
930,2016-10-16,Accident,1
931,2016-10-16,KILL,0
932,2016-10-15,Violence,2
933,2016-10-14,Escape,1
934,2016-10-12,Violence,0
935,2016-10-11,Crash,0
936,2016-10-11,Shot,2
937,2016-10-11,Terror,0
938,2016-10-09,Wounds,2
939,2016-10-08,Shootings,2
940,2016-10-06,Accident,2
941,2016-10-06,Shoot,2
942,2016-10-05,Threats,2
943,2016-10-04,Assault,2
944,2016-10-04,Shoot,2
945,2016-10-04,Blast,0
946,2016-10-04,Death,2
947,2016-10-03,Death,1
948,2016-10-03,Shock,1
949,2016-10-02,Attack,2
950,2016-09-30,Fail,2
951,2016-09-29,Chaos,2
952,2016-09-29,Violence,2
953,2016-09-29,Suspect,1
954,2016-09-29,Fatalities,1
955,2016-09-28,Attackers,1
956,2016-09-28,Violence,1
957,2016-09-28,Ties,2
958,2016-09-28,SHOOT,3
959,2016-09-26,Violence,1
960,2016-09-26,DISAP,1
961,2016-09-26,Attack,2
962,2016-09-25,Arrested,2
963,2016-09-25,Violence,1
964,2016-09-25,Violence,0
965,2016-09-24,Attack,2
966,2016-09-24,Attack,1
967,2016-09-24,Disaster,2
968,2016-09-24,Terror,2
969,2016-09-23,Violence,1
970,2016-09-22,Attack,2
971,2016-09-22,Panic,2
972,2016-09-22,Violence,1
973,2016-09-21,Violence,2
974,2016-09-21,Theft,2
975,2016-09-21,Survivors,1
976,2016-09-21,Panic,2
977,2016-09-20,Recant,1
978,2016-09-20,Trial,2
979,2016-09-20,Terrorist,1
980,2016-09-20,Rahami,2
981,2016-09-20,Attackers,2
982,2016-09-20,Targeted,0
983,2016-09-19,HOTSP,2
984,2016-09-19,Thief,2
985,2016-09-19,ALERT,2
986,2016-09-19,EXPLO,0
987,2016-09-19,Threat,1
988,2016-09-19,Arrested,2
989,2016-09-18,Failure,2
990,2016-09-18,Detained,2
991,2016-09-18,Terrorist,2
992,2016-09-18,NEED,2
993,2016-09-17,Violence,2
994,2016-09-16,Assault,2
995,2016-09-16,Shot,2
996,2016-09-16,Support,1
997,2016-09-15,Dogs,2
998,2016-09-15,Attack,2
999,2016-09-15,Abuse,1
1000,2016-09-14,Accident,2
1001,2016-09-14,Bizarre,0
1002,2016-09-14,Arson,2
1003,2016-09-13,Hate,1
1004,2016-09-13,Attack,2
1005,2016-09-13,Assault,2
1006,2016-09-12,Mystery,2
1007,2016-09-12,Attack,2
1008,2016-09-12,Violence,2
1009,2016-09-10,Assass,1
1010,2016-09-10,HEROES,3
1011,2016-09-10,Violence,3
1012,2016-09-09,Violence,2
1013,2016-09-09,Theft,2
1014,2016-09-09,Abuse,2
1015,2016-09-08,Shootings,2
1016,2016-09-08,Jump,0
1017,2016-09-07,Rage,0
1018,2016-09-07,VICT,2
1019,2016-09-04,Fatal,2
1020,2016-09-04,FOUND,2
1021,2016-09-04,Ban,2
1022,2016-09-03,Shootout,2
1023,2016-09-02,Lawsuit,2
1024,2016-09-01,Unknown,2
1025,2016-09-01,Death,2
1026,2016-09-01,Traffickers,0
1027,2016-08-31,Violence,2
1028,2016-08-31,Leader,1
1029,2016-08-30,Wanted,0
1030,2016-08-29,PANIC,2
1031,2016-08-28,BEHE,2
1032,2016-08-28,Gangs,0
1033,2016-08-28,Arrests,1
1034,2016-08-28,Violence,2
1035,2016-08-27,Murder,2
1036,2016-08-27,Violence,2
1037,2016-08-25,Assault,2
1038,2016-08-25,Violence,0
1039,2016-08-25,Violence,1
1040,2016-08-23,Assault,2
1041,2016-08-23,Traffic,1
1042,2016-08-22,Drones,2
1043,2016-08-21,F,2
1044,2016-08-21,Attack,0
1045,2016-08-21,Violence,2
1046,2016-08-21,Violence,2
1047,2016-08-21,CASE,2
1048,2016-08-19,Murder,2
1049,2016-08-15,Attack,1
1050,2016-08-15,Attack,1
1051,2016-08-15,Murder,1
1052,2016-08-14,Riot,1
1053,2016-08-14,SHOOT,2
1054,2016-08-13,Attack,2
1055,2016-08-13,Theft,2
1056,2016-08-13,Crash,2
1057,2016-08-12,Pot,2
1058,2016-08-11,EXPLO,2
1059,2016-08-11,Terror,1
1060,2016-08-10,Accident,0
1061,2016-08-10,Violence,2
1062,2016-08-09,Death,1
1063,2016-08-08,Settlement,2
1064,2016-08-08,Attack,2
1065,2016-08-07,Violence,0
1066,2016-08-07,Failure,2
1067,2016-08-05,Heat,2
1068,2016-08-05,Poison.,2
1069,2016-08-05,Sting,2
1070,2016-08-04,Terrorist,2
1071,2016-08-03,Death,0
1072,2016-08-03,Allegations,2
1073,2016-08-02,Deaths,2
1074,2016-08-01,Assault,2
1075,2016-08-01,FLAME,1
1076,2016-08-01,Abandon,0
1077,2016-07-31,Violence,2
1078,2016-07-31,Gunman,2
1079,2016-07-31,Attack,0
1080,2016-07-30,Fatalities,2
1081,2016-07-30,Violence,2
1082,2016-07-30,Murder,2
1083,2016-07-30,Fatalities,3
1084,2016-07-30,Assault,2
1085,2016-07-29,Violence,2
1086,2016-07-28,THROWN,2
1087,2016-07-28,Death,2
1088,2016-07-28,Wild,0
1089,2016-07-28,Brutal,2
1090,2016-07-27,Violence,1
1091,2016-07-26,Theft,1
1092,2016-07-26,Shootout,2
1093,2016-07-25,Death,1
1094,2016-07-24,Massacre,2
1095,2016-07-24,Manipulated,1
1096,2016-07-23,Struggle,1
1097,2016-07-23,HERO,1
1098,2016-07-23,Hero,1
1099,2016-07-23,Heat,2
1100,2016-07-22,Violence,0
1101,2016-07-22,Suspended,0
1102,2016-07-22,Terrorists,2
1103,2016-07-20,Theft,1
1104,2016-07-20,Rage,2
1105,2016-07-19,KILLED,2
1106,2016-07-19,Abuse,2
1107,2016-07-19,Violence,2
1108,2016-07-18,Violence,2
1109,2016-07-18,PROB,2
1110,2016-07-17,Attack,2
1111,2016-07-17,Terror,1
1112,2016-07-17,Death,1
1113,2016-07-17,Attack,3
1114,2016-07-16,Shot,1
1115,2016-07-16,Theft,2
1116,2016-07-15,Trust,2
1117,2016-07-15,Violence,0
1118,2016-07-14,Attack,0
1119,2016-07-14,Shot,2
1120,2016-07-13,Death,2
1121,2016-07-12,Violence,2
1122,2016-07-12,Violence,1
1123,2016-07-11,Gunfire,2
1124,2016-07-11,Theft,2
1125,2016-07-11,Theft,2
1126,2016-07-11,SCAND,0
1127,2016-07-10,RB,2
1128,2016-07-09,Attack,2
1129,2016-07-09,Violence,2
1130,2016-07-09,Violence,1
1131,2016-07-08,PANIC,1
1132,2016-07-08,Violence,2
1133,2016-07-08,Assault,2
1134,2016-07-08,Hopes,2
1135,2016-07-08,Terror,2
1136,2016-07-08,Yane,1
1137,2016-07-07,ARREST,1
1138,2016-07-07,Assault,2
1139,2016-07-07,Attack,2
1140,2016-07-06,Terror,2
1141,2016-07-06,Hate,2
1142,2016-07-05,Terrorist,1
1143,2016-07-05,Violence,2
1144,2016-07-05,Assault,0
1145,2016-07-04,Murder,2
1146,2016-07-04,Attack,1
1147,2016-07-03,Blast,0
1148,2016-07-03,Attack,2
1149,2016-07-03,Attack,2
1150,2016-07-03,Assault,2
1151,2016-07-03,HORR,2
1152,2016-07-02,Fall,1
1153,2016-07-02,Drugs,2
1154,2016-07-02,Attempt,2
1155,2016-07-02,Murder,1
1156,2016-06-30,Murder,1
1157,2016-06-30,Violence,2
1158,2016-06-29,Threats,2
1159,2016-06-29,FORCE,1
1160,2016-06-29,Charges,2
1161,2016-06-29,Fug,1
1162,2016-06-28,Attack,2
1163,2016-06-27,Terror,2
1164,2016-06-27,Violence,0
1165,2016-06-27,Murder,2
1166,2016-06-27,HORR,2
1167,2016-06-26,Shootout,0
1168,2016-06-26,Violence,2
1169,2016-06-25,Block,2
1170,2016-06-25,FAME,2
1171,2016-06-25,Lobbyists,0
1172,2016-06-24,DEVAST,2
1173,2016-06-24,Dumb,2
1174,2016-06-23,Murder,1
1175,2016-06-22,Attack,2
1176,2016-06-21,Arrest,2
1177,2016-06-21,Terrorist,2
1178,2016-06-20,SHOT,2
1179,2016-06-20,Statement,2
1180,2016-06-20,"""",1
1181,2016-06-19,Violence,2
1182,2016-06-18,Scandal,2
1183,2016-06-18,HORR,1
1184,2016-06-18,Attack,1
1185,2016-06-17,HEROES,2
1186,2016-06-16,GATOR,0
1187,2016-06-16,Tribute,2
1188,2016-06-16,Vanish,1
1189,2016-06-15,Attack,1
1190,2016-06-15,Violence,2
1191,2016-06-14,Jury,2
1192,2016-06-14,HEROES,2
1193,2016-06-14,Hunt,2
1194,2016-06-13,Hate,2
1195,2016-06-13,Unity,2
1196,2016-06-13,HERO,2
1197,2016-06-13,Warrant,2
1198,2016-06-12,Mass,2
1199,2016-06-12,Murder,1
1200,2016-06-12,Attack,0
1201,2016-06-12,ANGR,2
1202,2016-06-12,CAUTION,2
1203,2016-06-12,HORR,2
1204,2016-06-12,Threat,1
1205,2016-06-12,Terror,1
1206,2016-06-12,Violence,2
1207,2016-06-12,ORLAND,2
1208,2016-06-11,Ban,0
1209,2016-06-10,Theft,1
1210,2016-06-10,BAN,2
1211,2016-06-10,Assault,2
1212,2016-06-09,Disaster,1
1213,2016-06-09,Jail,1
1214,2016-06-09,Accident,2
1215,2016-06-09,Violence,2
1216,2016-06-09,Acqu,1
1217,2016-06-08,Abuse,1
1218,2016-06-08,Leaders,2
1219,2016-06-08,OUTR,2
1220,2016-06-08,Death,2
1221,2016-06-08,Scandal,2
1222,2016-06-05,HOARD,2
1223,2016-06-05,Shootout,1
1224,2016-06-03,KILL,0
1225,2016-06-03,Death,1
1226,2016-06-03,ARREST,2
1227,2016-06-02,Prison,1
1228,2016-06-02,HIV,2
1229,2016-06-02,LIST,2
1230,2016-06-01,Shootings,2
1231,2016-06-01,Trials,2
1232,2016-06-01,Shoot,2
1233,2016-05-31,HORR,2
1234,2016-05-31,Violence,2
1235,2016-05-30,Violent,0
1236,2016-05-30,Crash,2
1237,2016-05-29,Crash,2
1238,2016-05-29,Violence,1
1239,2016-05-26,SHOOT,2
1240,2016-05-25,Abuse,1
1241,2016-05-23,Shoot,1
1242,2016-05-23,Deaths,2
1243,2016-05-23,Abuse,2
1244,2016-05-22,Death,1
1245,2016-05-21,Theft,2
1246,2016-05-21,Sale,2
1247,2016-05-20,Ouster,2
1248,2016-05-19,Ruled,1
1249,2016-05-18,Assault,2
1250,2016-05-17,Settlement,2
1251,2016-05-17,FREED,2
1252,2016-05-17,KILL,2
1253,2016-05-16,Punish,2
1254,2016-05-16,F,1
1255,2016-05-15,Fall,1
1256,2016-05-13,VEN,1
1257,2016-05-13,Bid,2
1258,2016-05-12,Assault,2
1259,2016-05-12,Unknown,1
1260,2016-05-11,Terror,2
1261,2016-05-11,EXPLO,2
1262,2016-05-11,Violence,0
1263,2016-05-10,Assault,2
1264,2016-05-08,Liability,2
1265,2016-05-07,Violence,1
1266,2016-05-07,Assault,2
1267,2016-05-07,Terror,0
1268,2016-05-06,Violence,2
1269,2016-05-06,Shoots,2
1270,2016-05-06,Assault,2
1271,2016-05-05,Probe,2
1272,2016-05-05,Hack,1
1273,2016-05-04,Terror,0
1274,2016-05-04,Crash,0
1275,2016-05-03,Attack,1
1276,2016-05-02,Fine,1
1277,2016-05-02,Racism,1
1278,2016-05-02,Sentenced,2
1279,2016-05-01,Shoots,1
1280,2016-04-30,TYLER,2
1281,2016-04-28,Arrests,1
1282,2016-04-28,Theft,0
1283,2016-04-28,Accident,2
1284,2016-04-28,ARREST,2
1285,2016-04-27,Gun,0
1286,2016-04-26,Rage,2
1287,2016-04-25,Death,2
1288,2016-04-24,Threat,1
1289,2016-04-24,Attack,2
1290,2016-04-24,DISAP,2
1291,2016-04-24,JUSTICE,2
1292,2016-04-23,Shocked,2
1293,2016-04-23,Massacre,2
1294,2016-04-23,Murderer,1
1295,2016-04-22,Theft,2
1296,2016-04-22,Stop,2
1297,2016-04-22,Drugs,2
1298,2016-04-22,MASSAC,2
1299,2016-04-22,Violence,2
1300,2016-04-21,Violence,2
1301,2016-04-21,Shoots,2
1302,2016-04-20,Attack,1
1303,2016-04-19,Attack,1
1304,2016-04-19,Accused,2
1305,2016-04-18,Panic,2
1306,2016-04-18,FEL,1
1307,2016-04-18,Theft,2
1308,2016-04-16,Assault,2
1309,2016-04-16,Threat,2
1310,2016-04-15,Escapee,2
1311,2016-04-15,Trial,2
1312,2016-04-14,Murderer,2
1313,2016-04-14,Lawsuit,2
1314,2016-04-13,Murder,0
1315,2016-04-13,Violence,2
1316,2016-04-12,Shock,2
1317,2016-04-12,INequality,1
1318,2016-04-12,Hate,0
1319,2016-04-12,Violence,2
1320,2016-04-11,Poison,0
1321,2016-04-11,Violence,2
1322,2016-04-11,Pain.,2
1323,2016-04-11,Burgers,0
1324,2016-04-10,Death,0
1325,2016-04-10,Stealth,0
1326,2016-04-09,SENTENCE,2
1327,2016-04-09,Rape,2
1328,2016-04-09,Arrests,1
1329,2016-04-08,Chaos,2
1330,2016-04-08,Attack,1
1331,2016-04-07,Fatal,2
1332,2016-04-06,Blast,2
1333,2016-04-06,KILL,1
1334,2016-04-04,Accident,2
1335,2016-04-03,Death,1
1336,2016-04-03,Humane,2
1337,2016-04-02,Knife,1
1338,2016-04-02,Murder,2
1339,2016-04-02,Assault,2
1340,2016-04-02,Brutal,1
1341,2016-04-01,Violence,2
1342,2016-04-01,Abuse,2
1343,2016-04-01,Violence,1
1344,2016-04-01,Violence.,1
1345,2016-04-01,Punish,0
1346,2016-04-01,Rage,2
1347,2016-03-31,Vandal,2
1348,2016-03-31,Violence,2
1349,2016-03-29,Murderer,1
1350,2016-03-28,SHOT,2
1351,2016-03-26,Arrest,2
1352,2016-03-26,FOO,2
1353,2016-03-25,Violence,2
1354,2016-03-25,Abuse,2
1355,2016-03-24,Assault,1
1356,2016-03-23,Rage,2
1357,2016-03-23,Execution,0
1358,2016-03-22,Fire,0
1359,2016-03-21,Fury,2
1360,2016-03-21,Assault,2
1361,2016-03-21,Dis,2
1362,2016-03-20,Burns,1
1363,2016-03-20,Bones,2
1364,2016-03-19,LA,2
1365,2016-03-19,Abuse,2
1366,2016-03-19,Death,0
1367,2016-03-18,Terror,1
1368,2016-03-18,Murder,2
1369,2016-03-18,Terror,2
1370,2016-03-17,Lawsuit,0
1371,2016-03-17,Theft,1
1372,2016-03-17,Violence,1
1373,2016-03-17,Violence,1
1374,2016-03-16,Racism,1
1375,2016-03-16,Fatal,2
1376,2016-03-16,THROW,2
1377,2016-03-16,Warning,2
1378,2016-03-15,Crash,2
1379,2016-03-15,Attack,2
1380,2016-03-15,Assault,2
1381,2016-03-14,Attack,2
1382,2016-03-14,Shootout,1
1383,2016-03-14,Violence,1
1384,2016-03-14,Shoot,0
1385,2016-03-14,Violence,1
1386,2016-03-13,Vanish,0
1387,2016-03-12,Violence,2
1388,2016-03-12,Attack,0
1389,2016-03-12,Pet,2
1390,2016-03-12,ALERT,2
1391,2016-03-10,Terror,0
1392,2016-03-10,Attack,2
1393,2016-03-09,Attack,1
1394,2016-03-09,Abandoned,1
1395,2016-03-09,Arrests,1
1396,2016-03-09,Arrests,1
1397,2016-03-08,Accident,2
1398,2016-03-08,Guns,2
1399,2016-03-08,Crash,2
1400,2016-03-08,Assault,1
1401,2016-03-07,CHASE,2
1402,2016-03-06,Murder,1
1403,2016-03-05,Murder,2
1404,2016-03-05,SCAM,2
1405,2016-03-05,Escape.,1
1406,2016-03-05,Murder,2
1407,2016-03-05,Rape,2
1408,2016-03-04,Theft,2
1409,2016-03-04,DESPAIR,0
1410,2016-03-04,Body,2
1411,2016-03-03,Fraud,2
1412,2016-03-02,Assault,2
1413,2016-03-01,Chaos,2
1414,2016-03-01,Order,2
1415,2016-03-01,Shoots,1
1416,2016-03-01,Assault,0
1417,2016-02-29,Violence,2
1418,2016-02-28,Abuse,0
1419,2016-02-28,Murderer,2
1420,2016-02-28,Violence,1
1421,2016-02-28,FOUND,2
1422,2016-02-27,Thief,1
1423,2016-02-27,Shoot,2
1424,2016-02-27,Violence,3
1425,2016-02-27,Thief,2
1426,2016-02-26,THIE,1
1427,2016-02-26,Massacre,2
1428,2016-02-25,Maturity,2
1429,2016-02-24,Crash,0
1430,2016-02-24,Death,2
1431,2016-02-24,Vandal,1
1432,2016-02-24,WAIT,2
1433,2016-02-23,Terror,1
1434,2016-02-23,Terrorist,2
1435,2016-02-22,Attackers,2
1436,2016-02-22,Lawsuit,0
1437,2016-02-22,Theft,2
1438,2016-02-21,Murder,2
1439,2016-02-21,ALLEG,2
1440,2016-02-21,Arrest,2
1441,2016-02-20,Violence,2
1442,2016-02-20,Poisoning,2
1443,2016-02-20,Failure,2
1444,2016-02-18,Theft,0
1445,2016-02-18,SHOT,1
1446,2016-02-18,INDICT,1
1447,2016-02-18,Murder,1
1448,2016-02-17,Warning,2
1449,2016-02-17,Theft,2
1450,2016-02-17,Assaults,1
1451,2016-02-17,Vanish,1
1452,2016-02-15,Assault,2
1453,2016-02-15,VANISH,0
1454,2016-02-14,Attack,0
1455,2016-02-14,Murder,2
1456,2016-02-14,Brutal,2
1457,2016-02-13,Arrests,1
1458,2016-02-12,Attack,0
1459,2016-02-12,Violence,2
1460,2016-02-11,SHOTS,2
1461,2016-02-11,Bundy,2
1462,2016-02-11,Fired,2
1463,2016-02-09,Assault,2
1464,2016-02-09,Assault,2
1465,2016-02-09,Lied,2
1466,2016-02-08,Murder,2
1467,2016-02-08,Shocked,1
1468,2016-02-08,FOUND,1
1469,2016-02-08,Abuse,2
1470,2016-02-08,HERO,2
1471,2016-02-07,Violence,1
1472,2016-02-07,Pain,2
1473,2016-02-06,Thief,0
1474,2016-02-06,Murder,1
1475,2016-02-06,Attack,2
1476,2016-02-06,Punished,2
1477,2016-02-06,Violence,2
1478,2016-02-06,Murder,2
1479,2016-02-05,Shootings,2
1480,2016-02-05,Theft,2
1481,2016-02-03,Trial,1
1482,2016-02-03,KILL,2
1483,2016-02-02,Vandal,0
1484,2016-02-02,Arrested,2
1485,2016-02-02,Murder,2
1486,2016-01-31,Man,2
1487,2016-01-31,Murder,1
1488,2016-01-30,Escape,1
1489,2016-01-30,Violence,2
1490,2016-01-30,Accident,3
1491,2016-01-30,Hunt.,2
1492,2016-01-30,Auction,0
1493,2016-01-30,Deny,2
1494,2016-01-29,Escape,2
1495,2016-01-29,Violence,2
1496,2016-01-28,Shootings,2
1497,2016-01-28,Brawl,2
1498,2016-01-28,Shock,2
1499,2016-01-28,De,0
1500,2016-01-27,Shootings,2
1501,2016-01-27,Violent,1
1502,2016-01-27,Reform,1
1503,2016-01-27,Violent,0
1504,2016-01-27,Brutal,2
1505,2016-01-27,Violence,1
1506,2016-01-27,Accident,2
1507,2016-01-26,Shoot,1
1508,2016-01-26,Panic,2
1509,2016-01-26,Escape,1
1510,2016-01-25,Accused,1
1511,2016-01-25,Murder,2
1512,2016-01-24,Escape,2
1513,2016-01-24,Escape,2
1514,2016-01-24,Murder,2
1515,2016-01-24,Violence,2
1516,2016-01-22,Assault,2
1517,2016-01-21,Suspect,1
1518,2016-01-21,Murder,2
1519,2016-01-20,Attack,2
1520,2016-01-20,Safety,2
1521,2016-01-20,Reinst,2
1522,2016-01-20,Theft,1
1523,2016-01-19,Violence,0
1524,2016-01-18,Shot,2
1525,2016-01-18,TEAM,2
1526,2016-01-18,Violence,1
1527,2016-01-18,Accident,2
1528,2016-01-18,,1
1529,2016-01-18,Fatalities,1
1530,2016-01-17,Testimony,1
1531,2016-01-17,Attack,1
1532,2016-01-17,TORN,2
1533,2016-01-16,Agree,2
1534,2016-01-16,Violence,2
1535,2016-01-16,Attack,2
1536,2016-01-15,Suspect,2
1537,2016-01-14,Shock,2
1538,2016-01-14,Return,2
1539,2016-01-13,KILL,2
1540,2016-01-13,"""",2
1541,2016-01-12,Shock,2
1542,2016-01-12,BRAW,2
1543,2016-01-12,Fatal,1
1544,2016-01-11,Surveillance,1
1545,2016-01-11,HORR,1
1546,2016-01-11,Theft,2
1547,2016-01-11,VICT,2
1548,2016-01-10,Rape,1
1549,2016-01-10,ROB,2
1550,2016-01-10,Rape,2
1551,2016-01-10,Death,1
1552,2016-01-10,Death,2
1553,2016-01-09,Theft,2
1554,2016-01-09,SCAM,0
1555,2016-01-09,Violence,2
1556,2016-01-09,Furious,1
1557,2016-01-08,Attack,2
1558,2016-01-08,Terror,2
1559,2016-01-08,Abuse,2
1560,2016-01-08,Rape,2
1561,2016-01-07,Massacre,1
1562,2016-01-07,Convict,2
1563,2016-01-07,Assault,2
1564,2016-01-07,Assault,0
1565,2016-01-06,Delayed,2
1566,2016-01-05,Sus,1
1567,2016-01-04,Shocked,1
1568,2016-01-04,Escape,2
1569,2016-01-03,Violence,2
1570,2016-01-03,Death,0
1571,2016-01-03,THIE,1
1572,2016-01-03,Punish,2
1573,2016-01-02,Shoot,2
1574,2016-01-02,Shot,2
1575,2016-01-01,Attack,2
1576,2016-01-01,Panic,1
1577,2016-01-01,Vanish,1
1578,2016-01-01,Delay,1
1579,2016-01-01,Chaos,1
1580,2016-01-01,PANDE,2
1581,2016-01-01,FLOOD,2
1582,2015-12-31,Guns,1
1583,2015-12-31,Delayed,2
1584,2015-12-31,Theft,2
1585,2015-12-31,TIGHT,1
1586,2015-12-31,Violence,1
1587,2015-12-31,Terror,2
1588,2015-12-30,Abuse,0
1589,2015-12-30,Theft,2
1590,2015-12-30,Delay,2
1591,2015-12-30,FLOOD,1
1592,2015-12-29,Assault,2
1593,2015-12-29,Vandal,2
1594,2015-12-29,HEATS,2
1595,2015-12-29,Attack,0
1596,2015-12-29,Unknown,2
1597,2015-12-28,Shoot,1
1598,2015-12-28,Death,0
1599,2015-12-28,Terror,0
1600,2015-12-28,Vanish,1
1601,2015-12-28,Chaos,2
1602,2015-12-28,Hit,2
1603,2015-12-27,Assault,0
1604,2015-12-27,Violence,2
1605,2015-12-26,Fatal,3
1606,2015-12-26,Search,2
1607,2015-12-26,Violence,1
1608,2015-12-26,Assault,2
1609,2015-12-26,Assault,0
1610,2015-12-25,Terror,0
1611,2015-12-24,Shoot,2
1612,2015-12-24,Violence,2
1613,2015-12-24,Theft,2
1614,2015-12-23,Shot,0
1615,2015-12-23,Fury,1
1616,2015-12-22,Violence,2
1617,2015-12-22,No,1
1618,2015-12-22,Bomb,2
1619,2015-12-22,Violence,1
1620,2015-12-22,Missing,2
1621,2015-12-22,Crash,0
1622,2015-12-21,Attack,2
1623,2015-12-21,KILL,1
1624,2015-12-21,Attack,2
1625,2015-12-21,Assault,2
1626,2015-12-21,FLAME,1
1627,2015-12-20,Theft,2
1628,2015-12-20,WOR,1
1629,2015-12-19,Death,0
1630,2015-12-19,Violence,2
1631,2015-12-19,Violence,2
1632,2015-12-17,Killer,1
1633,2015-12-17,Violence,2
1634,2015-12-17,Attackers,2
1635,2015-12-17,Terrorist,2
1636,2015-12-16,SHUT,0
1637,2015-12-16,Rape,2
1638,2015-12-16,Murder,0
1639,2015-12-15,FURY,0
1640,2015-12-15,Assault,2
1641,2015-12-15,FLASHING,0
1642,2015-12-14,Trial,1
1643,2015-12-14,Terrorist,2
1644,2015-12-14,Violence,2
1645,2015-12-13,JAS,2
1646,2015-12-13,DRUNK,0
1647,2015-12-13,Violence,1
1648,2015-12-12,Arrests,2
1649,2015-12-12,Violence,0
1650,2015-12-12,Death,2
1651,2015-12-12,Accident,0
1652,2015-12-12,Poison,2
1653,2015-12-12,Blaze,0
1654,2015-12-12,Noise,0
1655,2015-12-11,Murder,2
1656,2015-12-11,Shootings,2
1657,2015-12-11,Violence,1
1658,2015-12-10,Blast.,2
1659,2015-12-10,Arrested,2
1660,2015-12-10,Blast,2
1661,2015-12-10,Alert,2
1662,2015-12-09,Murder,0
1663,2015-12-08,Murder,2
1664,2015-12-08,Assault,2
1665,2015-12-08,THROWN,2
1666,2015-12-08,Theft,2
1667,2015-12-08,Unknown,2
1668,2015-12-07,INTERVIEW,2
1669,2015-12-07,Violence,2
1670,2015-12-07,Tears,2
1671,2015-12-07,Violence,0
1672,2015-12-07,Radicalized,2
1673,2015-12-07,Buried,2
1674,2015-12-07,Accidental,2
1675,2015-12-06,Torture,1
1676,2015-12-06,Bully,1
1677,2015-12-06,Search,1
1678,2015-12-06,CALE,1
1679,2015-12-05,Attempt,2
1680,2015-12-05,Threat,2
1681,2015-12-05,Fatalities,2
1682,2015-12-05,Unknown,1
1683,2015-12-05,Kidn,2
1684,2015-12-05,MASSAC,2
1685,2015-12-04,Violence,2
1686,2015-12-04,Terror,2
1687,2015-12-04,FOUND,1
1688,2015-12-04,Looph,2
1689,2015-12-03,Unknown,2
1690,2015-12-03,Assault,1
1691,2015-12-03,Attack,2
1692,2015-12-03,Terror,2
1693,2015-12-03,Panic,2
1694,2015-12-03,Gun,2
1695,2015-12-03,Terrorists,1
1696,2015-12-03,Assault,2
1697,2015-12-03,Assault,1
1698,2015-12-02,Speculation,2
1699,2015-12-02,Assault,0
1700,2015-12-02,HELP,2
1701,2015-12-01,Abuse,2
1702,2015-12-01,Traffickers,1
1703,2015-12-01,CHARG,2
1704,2015-12-01,DISAP,2
1705,2015-11-30,Threat,1
1706,2015-11-30,Terrorists,2
1707,2015-11-30,Trial,2
1708,2015-11-29,Unknown,2
1709,2015-11-29,DEMOL,0
1710,2015-11-29,GRI,2
1711,2015-11-29,Shock,1
1712,2015-11-29,Death,2
1713,2015-11-29,Suspects,1
1714,2015-11-29,BATS,2
1715,2015-11-29,THIE,0
1716,2015-11-29,Violence,2
1717,2015-11-29,VANISH,1
1718,2015-11-28,Hero,2
1719,2015-11-28,Terrorist,2
1720,2015-11-28,Grief,2
1721,2015-11-28,Shock,2
1722,2015-11-28,Theft,0
1723,2015-11-27,SHOOT,1
1724,2015-11-27,Murder,2
1725,2015-11-27,Theft,2
1726,2015-11-27,Assault,2
1727,2015-11-27,Hurt,2
1728,2015-11-27,Shootings,3
1729,2015-11-27,Mission,2
1730,2015-11-26,Theft,2
1731,2015-11-26,Vandal,1
1732,2015-11-26,Abandon,2
1733,2015-11-26,Brutal,2
1734,2015-11-26,Attack,0
1735,2015-11-26,Abigail,2
1736,2015-11-24,Dust,2
1737,2015-11-23,Shock,2
1738,2015-11-22,Pr,2
1739,2015-11-22,MOVE,2
1740,2015-11-22,Theft,1
1741,2015-11-22,Assault,1
1742,2015-11-21,Blaze,1
1743,2015-11-21,Theft,0
1744,2015-11-21,Terror,1
1745,2015-11-21,Attack,2
1746,2015-11-21,Rape,1
1747,2015-11-21,Perverts,2
1748,2015-11-21,Attack,2
1749,2015-11-20,Murder,2
1750,2015-11-19,PUN,2
1751,2015-11-19,LASER,2
1752,2015-11-19,Threat,1
1753,2015-11-19,PRAY,2
1754,2015-11-19,Violence,2
1755,2015-11-19,Sentenced,2
1756,2015-11-19,BIT,2
1757,2015-11-17,Attack,2
1758,2015-11-17,Assault,0
1759,2015-11-17,Violence,1
1760,2015-11-16,Chaos,1
1761,2015-11-14,JUSTIFY,2
1762,2015-11-14,PENALT,2
1763,2015-11-13,Traged,1
1764,2015-11-13,Torture,1
1765,2015-11-13,VIG,2
1766,2015-11-12,Shot,2
1767,2015-11-12,Violence,2
1768,2015-11-11,Violence,3
1769,2015-11-10,Death,2
1770,2015-11-10,Assault,1
1771,2015-11-09,Violence,3
1772,2015-11-09,Attack,3
1773,2015-11-08,Assault,1
1774,2015-11-07,Revenge,2
1775,2015-11-07,Shoot,1
1776,2015-11-07,Murder,0
1777,2015-11-07,Poison,2
1778,2015-11-07,Murder,2
1779,2015-11-07,Shoot,1
1780,2015-11-07,Shoot,2
1781,2015-11-06,Violence,2
1782,2015-11-06,STAGED,1
1783,2015-11-06,Target,2
1784,2015-11-06,Violence,2
1785,2015-11-06,Violence,2
1786,2015-11-05,Massacre,2
1787,2015-11-04,Attack,2
1788,2015-11-04,Rifle,2
1789,2015-11-04,Hunt,0
1790,2015-11-04,Unknown,0
1791,2015-11-04,Violence,0
1792,2015-11-04,Death,1
1793,2015-11-03,Shootout,1
1794,2015-11-03,Violence,0
1795,2015-11-02,Shoot,2
1796,2015-11-02,Chaos,2
1797,2015-11-02,Assault,2
1798,2015-11-01,Terror,3
1799,2015-11-01,Violent,2
1800,2015-10-31,Violence,1
1801,2015-10-31,Murder,2
1802,2015-10-31,Violence,2
1803,2015-10-30,Unknown,2
1804,2015-10-30,Violence,1
1805,2015-10-30,Order,1
1806,2015-10-30,Threat,2
1807,2015-10-30,HERO,1
1808,2015-10-29,Assault,0
1809,2015-10-29,Blaze,2
1810,2015-10-27,Delay,1
1811,2015-10-27,Assault,0
1812,2015-10-26,Violence,2
1813,2015-10-26,Mafia,1
1814,2015-10-25,Fatal,2
1815,2015-10-25,Justice,2
1816,2015-10-24,Accident,2
1817,2015-10-24,Accident,1
1818,2015-10-24,HORR,2
1819,2015-10-23,Murderer,0
1820,2015-10-22,Attack,2
1821,2015-10-21,Shot,0
1822,2015-10-21,Attack,2
1823,2015-10-20,Fail,2
1824,2015-10-19,Violence,1
1825,2015-10-19,Attack,2
1826,2015-10-18,Gunfire,2
1827,2015-10-18,Shock,2
1828,2015-10-18,Violence,1
1829,2015-10-16,Attackers,0
1830,2015-10-15,Traffickers,1
1831,2015-10-15,Torture,2
1832,2015-10-14,Assault,2
1833,2015-10-13,Unknown,2
1834,2015-10-12,Attack,2
1835,2015-10-12,Assault,2
1836,2015-10-12,Kidn,2
1837,2015-10-11,Assault,0
1838,2015-10-11,JUSTIFIED,1
1839,2015-10-10,SHOOT,2
1840,2015-10-10,Attack,2
1841,2015-10-09,Violence,1
1842,2015-10-09,Violence,2
1843,2015-10-09,Violence,2
1844,2015-10-08,STRAN,2
1845,2015-10-07,Issues,2
1846,2015-10-07,TOURN,1
1847,2015-10-07,Shoots,0
1848,2015-10-06,PENIS,0
1849,2015-10-06,ANONY,2
1850,2015-10-05,Accident,2
1851,2015-10-04,ARREST,1
1852,2015-10-03,SHOOT,2
1853,2015-10-03,Violence,2
1854,2015-10-03,Abuse,2
1855,2015-10-02,MIND,0
1856,2015-10-02,Attack,2
1857,2015-10-02,SHOOT,2
1858,2015-10-02,Grief,2
1859,2015-10-02,Gunman,2
1860,2015-10-01,VET,2
1861,2015-10-01,Brutality,1
1862,2015-09-30,Attack,2
1863,2015-09-30,Violence,2
1864,2015-09-30,Assault,0
1865,2015-09-29,Attack,0
1866,2015-09-28,Shock,2
1867,2015-09-26,Assault,2
1868,2015-09-26,Death,1
1869,2015-09-25,Abuse,1
1870,2015-09-24,Accident,2
1871,2015-09-23,Shootings,2
1872,2015-09-23,Assault,0
1873,2015-09-22,Unknown,1
1874,2015-09-22,Shoots,0
1875,2015-09-21,Attempt,1
1876,2015-09-21,Murder,0
1877,2015-09-20,Attack,3
1878,2015-09-20,BLAME,1
1879,2015-09-20,Death,2
1880,2015-09-19,Murder,0
1881,2015-09-19,Shoot,0
1882,2015-09-19,Suspect,2
1883,2015-09-19,Chaos,2
1884,2015-09-19,Terror,2
1885,2015-09-19,Shoots,1
1886,2015-09-19,Escape,2
1887,2015-09-18,Lie,1
1888,2015-09-16,Fail,2
1889,2015-09-16,Sorry,2
1890,2015-09-15,Shame,1
1891,2015-09-14,Shoot,2
1892,2015-09-14,Rage,2
1893,2015-09-14,Murder,2
1894,2015-09-13,Abandoned,0
1895,2015-09-12,Murder,2
1896,2015-09-12,Terror,2
1897,2015-09-12,Violence,2
1898,2015-09-12,Weather,2
1899,2015-09-11,Theft,2
1900,2015-09-11,Assault,2
1901,2015-09-11,Assault,2
1902,2015-09-10,Death,2
1903,2015-09-10,Jury,0
1904,2015-09-10,Suspect,0
1905,2015-09-09,FLAME,1
1906,2015-09-09,Protest,2
1907,2015-09-09,PANIC,2
1908,2015-09-09,Attack,2
1909,2015-09-09,Death,2
1910,2015-09-08,Oath,2
1911,2015-09-08,Wanted,2
1912,2015-09-06,BLAST,2
1913,2015-09-05,Ar,2
1914,2015-09-04,Shock,2
1915,2015-09-04,Suspects,1
1916,2015-09-04,Hate,0
1917,2015-09-04,Attack,3
1918,2015-09-04,Attack,2
1919,2015-09-04,Hate,2
1920,2015-09-04,Death,2
1921,2015-09-03,Reform,2
1922,2015-09-03,Violence,2
1923,2015-09-03,Crash,0
1924,2015-09-03,Violence,2
1925,2015-09-03,Assault,1
1926,2015-09-03,False,2
1927,2015-09-03,Assault,2
1928,2015-09-03,Ban,2
1929,2015-09-02,Shot,2
1930,2015-09-02,Violence,2
1931,2015-09-02,Assault,2
1932,2015-09-02,Violence,2
1933,2015-09-02,VAX,2
1934,2015-09-02,Trial,2
1935,2015-09-02,Threats,2
1936,2015-09-02,Conflict,2
1937,2015-09-02,Denial,2
1938,2015-09-02,Assault,2
1939,2015-09-01,Shoot,2
1940,2015-09-01,Illegal,2
1941,2015-09-01,Dogs,2
1942,2015-09-01,Murder,2
1943,2015-09-01,Death,2
1944,2015-08-31,Murder,0
1945,2015-08-31,Accident,2
1946,2015-08-31,SHOOT,2
1947,2015-08-31,Delay,1
1948,2015-08-30,Rape,0
1949,2015-08-29,Violence,2
1950,2015-08-29,Fatal,2
1951,2015-08-29,Attack,2
1952,2015-08-29,Shoot,1
1953,2015-08-29,Attack,2
1954,2015-08-29,Unknown,2
1955,2015-08-29,Murder,2
1956,2015-08-28,Assault,2
1957,2015-08-28,Death,2
1958,2015-08-28,Error,2
1959,2015-08-28,Man,2
1960,2015-08-28,Violence,2
1961,2015-08-28,Death,0
1962,2015-08-28,DECE,2
1963,2015-08-27,Drought,2
1964,2015-08-27,JOY,2
1965,2015-08-27,Panic,0
1966,2015-08-27,Ignore,0
1967,2015-08-27,Assault,0
1968,2015-08-27,Release,2
1969,2015-08-27,Terror,1
1970,2015-08-27,Rage,0
1971,2015-08-26,Shoot,2
1972,2015-08-26,Anger,0
1973,2015-08-26,Violence,2
1974,2015-08-26,Violence,2
1975,2015-08-26,Violence,2
1976,2015-08-25,Crash,0
1977,2015-08-25,Murderer,2
1978,2015-08-25,Accused,2
1979,2015-08-25,Error,2
1980,2015-08-25,KILL,1
1981,2015-08-24,Murder,0
1982,2015-08-24,PACE,1
1983,2015-08-24,Violence,2
1984,2015-08-24,Accident,2
1985,2015-08-24,FIND,2
1986,2015-08-24,Violence,2
1987,2015-08-22,Violence,2
1988,2015-08-22,Attack,0
1989,2015-08-22,FOUND,2
1990,2015-08-21,Violence,1
1991,2015-08-21,Attack,2
1992,2015-08-21,Blast,2
1993,2015-08-21,Trial,2
1994,2015-08-21,Assault,2
1995,2015-08-21,Pain,2
1996,2015-08-20,Blast,2
1997,2015-08-20,Attack,2
1998,2015-08-20,Theft,2
1999,2015-08-20,Assault,2
2000,2015-08-20,Violence,2
2001,2015-08-20,Escape,2
2002,2015-08-20,Accident,0
2003,2015-08-19,Settlement,2
2004,2015-08-19,Rape,2
2005,2015-08-19,Death,2
2006,2015-08-19,Rape,0
2007,2015-08-19,Abuse,0
2008,2015-08-19,Violence,0
2009,2015-08-18,Theft,2
2010,2015-08-18,Charge,2
2011,2015-08-18,Violence,2
2012,2015-08-18,Killers,2
2013,2015-08-18,ARREST,2
2014,2015-08-17,MAN,2
2015,2015-08-17,Shootings,2
2016,2015-08-17,Shoot,2
2017,2015-08-17,Violence,0
2018,2015-08-17,Blaze,2
2019,2015-08-17,Attack,2
2020,2015-08-17,Talent,2
2021,2015-08-16,Collision,1
2022,2015-08-15,Murder,2
2023,2015-08-15,Killers,2
2024,2015-08-15,FINE,1
2025,2015-08-15,Probe,0
2026,2015-08-15,HORR,2
2027,2015-08-15,Assault,0
2028,2015-08-15,Trafficking,2
2029,2015-08-14,Violence,3
2030,2015-08-14,Accident,2
2031,2015-08-14,Death,0
2032,2015-08-14,Death,2
2033,2015-08-14,Torture,2
2034,2015-08-14,Death,0
2035,2015-08-13,Death,2
2036,2015-08-13,TRIAL,2
2037,2015-08-12,Kill,2
2038,2015-08-12,Theft,2
2039,2015-08-12,Attack,2
2040,2015-08-12,Theft,2
2041,2015-08-12,Errors,2
2042,2015-08-12,Violence,2
2043,2015-08-11,Risk,2
2044,2015-08-11,Torture,1
2045,2015-08-11,Unknown,1
2046,2015-08-11,Chaos,2
2047,2015-08-11,Terror,1
2048,2015-08-11,SHAME,0
2049,2015-08-11,Rage,0
2050,2015-08-11,Violence,0
2051,2015-08-11,Violence,0
2052,2015-08-10,Abused,1
2053,2015-08-10,Shoot,1
2054,2015-08-10,Assault,2
2055,2015-08-10,Terror,2
2056,2015-08-10,Theft,0
2057,2015-08-10,Retrial,2
2058,2015-08-10,PUN,2
2059,2015-08-09,Shootings,2
2060,2015-08-09,Violence,2
2061,2015-08-09,Vows,2
2062,2015-08-09,Violence,2
2063,2015-08-08,Death,0
2064,2015-08-08,Violence,0
2065,2015-08-08,Theft,1
2066,2015-08-08,Facility,2
2067,2015-08-07,Fall,2
2068,2015-08-07,Unknown,1
2069,2015-08-07,Terror,0
2070,2015-08-07,ARREST,2
2071,2015-08-07,Escapee,2
2072,2015-08-07,Jury,0
2073,2015-08-06,INDICT,2
2074,2015-08-06,Violence,2
2075,2015-08-06,Settlements,2
2076,2015-08-06,"""",0
2077,2015-08-06,Rape,2
2078,2015-08-06,Assault,0
2079,2015-08-06,Attack,2
2080,2015-08-06,Violence,1
2081,2015-08-05,Murder,1
2082,2015-08-05,SHOTS,2
2083,2015-08-05,Deaths,2
2084,2015-08-05,Alert,2
2085,2015-08-05,Faith,1
2086,2015-08-05,Brutal,1
2087,2015-08-05,Shot,0
2088,2015-08-05,Accident,2
2089,2015-08-05,Drunk,1
2090,2015-08-05,MAN,2
2091,2015-08-04,Murder,2
2092,2015-08-04,Fatal,2
2093,2015-08-04,Terror,2
2094,2015-08-04,Unknown,0
2095,2015-08-03,Arrest,1
2096,2015-08-03,JURY,2
2097,2015-08-03,Killer,2
2098,2015-08-03,Violence,2
2099,2015-08-03,Assault,1
2100,2015-08-03,Punishment,2
2101,2015-08-03,Violence,2
2102,2015-08-03,Shot,0
2103,2015-08-03,Murder,2
2104,2015-08-03,Assault,2
2105,2015-08-03,Terror,2
2106,2015-08-03,Murder,2
2107,2015-08-02,Shoot,2
2108,2015-08-02,Attack,2
2109,2015-08-02,SHOCK,2
2110,2015-08-01,Protest,2
2111,2015-07-31,Rage,1
2112,2015-07-31,Death,2
2113,2015-07-30,Thief.,2
2114,2015-07-30,Assault,2
2115,2015-07-30,Threat,1
2116,2015-07-30,Violence,1
2117,2015-07-30,Fire,1
2118,2015-07-30,Violence,1
2119,2015-07-30,Lie,0
2120,2015-07-30,Murder,2
2121,2015-07-30,Rape,2
2122,2015-07-29,Murder,1
2123,2015-07-29,Terrorist,2
2124,2015-07-29,Massacre,2
2125,2015-07-29,Unknown,2
2126,2015-07-28,Threat,2
2127,2015-07-28,Search,2
2128,2015-07-28,Violence,1
2129,2015-07-28,Violence,2
2130,2015-07-27,Violence,2
2131,2015-07-27,Unknown,2
2132,2015-07-27,Brutal,2
2133,2015-07-27,Voyeur,1
2134,2015-07-27,Search,2
2135,2015-07-26,Blaze,2
2136,2015-07-25,Violence,1
2137,2015-07-25,Victims,2
2138,2015-07-25,HORR,2
2139,2015-07-25,Jury,1
2140,2015-07-25,Failure,2
2141,2015-07-24,HEROES,2
2142,2015-07-24,Violence,1
2143,2015-07-24,Victims,2
2144,2015-07-24,ANARCH,2
2145,2015-07-24,SHOOT,2
2146,2015-07-24,Assault,2
2147,2015-07-23,DEAD,2
2148,2015-07-23,Violence,2
2149,2015-07-23,Death,2
2150,2015-07-23,Attack,2
2151,2015-07-23,Death,2
2152,2015-07-23,Rape,2
2153,2015-07-23,DEFENSE,2
2154,2015-07-22,Fatal,1
2155,2015-07-22,Milit,1
2156,2015-07-22,KILL,1
2157,2015-07-21,Violence,0
2158,2015-07-21,Fatalities,2
2159,2015-07-21,Violence,2
2160,2015-07-21,Unknown,2
2161,2015-07-20,Escape,1
2162,2015-07-20,Homic,2
2163,2015-07-20,Settlement,2
2164,2015-07-20,RELEASE,1
2165,2015-07-20,Terror,2
2166,2015-07-20,Murder,0
2167,2015-07-19,Accident,2
2168,2015-07-19,Fatalities,2
2169,2015-07-19,HORR,2
2170,2015-07-18,Death,2
2171,2015-07-18,Death,2
2172,2015-07-18,Threat,2
2173,2015-07-18,Fatalities,2
2174,2015-07-18,Verse,2
2175,2015-07-17,TERROR,1
2176,2015-07-17,Blaze,2
2177,2015-07-17,KILL,1
2178,2015-07-17,Violence,0
2179,2015-07-17,Terror,2
2180,2015-07-17,Man,2
2181,2015-07-17,Attack,2
2182,2015-07-16,Homic,2
2183,2015-07-16,Death,2
2184,2015-07-15,Torture,2
2185,2015-07-15,Guilty,2
2186,2015-07-15,Violence,2
2187,2015-07-14,HEROES,2
2188,2015-07-14,Abuse,2
2189,2015-07-13,Shoot,1
2190,2015-07-12,Panic,2
2191,2015-07-12,Violence,2
2192,2015-07-11,Violence,2
2193,2015-07-10,Banishment,2
2194,2015-07-10,Rage,2
2195,2015-07-07,Raid,1
2196,2015-07-07,Jury,2
2197,2015-07-05,Escape,0
2198,2015-07-05,Violence,2
2199,2015-07-05,Blast,3
2200,2015-07-04,Deport,2
2201,2015-07-04,PANIC,2
2202,2015-07-04,Attack,0
2203,2015-07-03,Culture,2
2204,2015-07-03,Assault,2
2205,2015-07-03,Poison,2
2206,2015-07-03,Death,2
2207,2015-07-03,Rape,2
2208,2015-07-03,Crash,3
2209,2015-07-03,Shot,2
2210,2015-06-30,DISC,2
2211,2015-06-30,Unknown,2
2212,2015-06-30,Violence,2
2213,2015-06-29,Fail,2
2214,2015-06-28,Wasted,2
2215,2015-06-27,Panic,2
2216,2015-06-26,Murder,2
2217,2015-06-26,Escape,2
2218,2015-06-26,Rape,2
2219,2015-06-25,Hate,2
2220,2015-06-25,Violence,2
2221,2015-06-23,Theft,2
2222,2015-06-21,Attempt,2
2223,2015-06-21,Death,2
2224,2015-06-20,Mistake,2
2225,2015-06-20,Suspended,2
2226,2015-06-20,Pain,2
2227,2015-06-20,Hate,3
2228,2015-06-20,Attack,2
2229,2015-06-20,Escape,2
2230,2015-06-19,Shoot,2
2231,2015-06-18,Victim,2
2232,2015-06-18,Shoot,2
2233,2015-06-16,Prison,2
2234,2015-06-16,Victims,2
2235,2015-06-16,Rape,3
2236,2015-06-15,Unknown,2
2237,2015-06-15,Death,2
2238,2015-06-15,Escape,2
2239,2015-06-15,JUSTIFIED,2
2240,2015-06-14,Violence,2
2241,2015-06-14,Accident,2
2242,2015-06-13,Death,2
2243,2015-06-13,Death,2
2244,2015-06-13,Violence,2
2245,2015-06-12,Murder,3
2246,2015-06-11,Plead,2
2247,2015-06-11,Death,2
2248,2015-06-11,Accident,3
2249,2015-06-10,Violent,2
2250,2015-06-10,Execution,2
2251,2015-06-10,Doubts,2
2252,2015-06-10,Accident,2
2253,2015-06-10,Blast,3
2254,2015-06-09,Reform,2
2255,2015-06-09,Shock,2
2256,2015-06-09,INSPI,2
2257,2015-06-09,Block,2
2258,2015-06-09,Violence,2
2259,2015-06-07,Escape,2
2260,2015-06-06,JUSTIFIED,2
2261,2015-06-06,Shoot,2
2262,2015-06-06,Rescue,2
2263,2015-06-05,Death,2
2264,2015-06-05,Murder,2
2265,2015-06-04,Death,2
2266,2015-06-04,Detr,2
2267,2015-06-04,Jail,2
2268,2015-06-04,SCAMS,2
2269,2015-06-03,Violence,2
2270,2015-06-03,Theft,2
2271,2015-06-03,Terror,0
2272,2015-06-02,Violence,2
2273,2015-06-02,INE,2
2274,2015-06-02,CEO,2
2275,2015-06-01,Limitation,2
2276,2015-05-31,Unknown,2
2277,2015-05-31,Fault,2
2278,2015-05-30,Pain,2
2279,2015-05-30,Abuse,2
2280,2015-05-30,Abuse,2
2281,2015-05-28,Death,2
2282,2015-05-28,Assault,2
2283,2015-05-27,FRIENDS,2
2284,2015-05-27,Tactics,2
2285,2015-05-27,Threat,2
2286,2015-05-27,Murder,2
2287,2015-05-24,Body,2
2288,2015-05-24,Unknown,2
2289,2015-05-24,Panic,2
2290,2015-05-23,Murder,2
2291,2015-05-22,Justice.,2
2292,2015-05-22,Unity,2
2293,2015-05-22,Toxicity,2
2294,2015-05-22,Violence,2
2295,2015-05-21,Violence,2
2296,2015-05-21,WOR,2
2297,2015-05-21,Murder,2
2298,2015-05-20,Surrender,2
2299,2015-05-19,Violence,2
2300,2015-05-19,Violence,2
2301,2015-05-19,Pursuit,2
2302,2015-05-17,Crash,2
2303,2015-05-17,Violence,2
2304,2015-05-16,Terrorist,0
2305,2015-05-16,Release,2
2306,2015-05-14,Nature,2
2307,2015-05-13,Victims,2
2308,2015-05-11,Deny,2
2309,2015-05-10,Shoot,3
2310,2015-05-10,Shoot,2
2311,2015-05-09,Violence,2
2312,2015-05-09,Murder,3
2313,2015-05-09,Death,2
2314,2015-05-08,Tributes,2
2315,2015-05-07,Violence.,2
2316,2015-05-07,Violence,2
2317,2015-05-06,Trafficking,2
2318,2015-05-05,Escape,2
2319,2015-05-03,Assault,2
2320,2015-05-03,Hate,2
2321,2015-05-03,Unknown,2
2322,2015-05-02,Terror,2
2323,2015-05-02,Murder,2
2324,2015-05-02,Terror,2
2325,2015-05-02,SHOT,2
2326,2015-05-02,Shoot,2
2327,2015-05-02,Theft,2
2328,2015-05-02,Violence,2
2329,2015-05-01,Deny,2
2330,2015-04-30,Violence,2
2331,2015-04-30,SCOLD,2
2332,2015-04-29,Parallel,2
2333,2015-04-29,Assault,2
2334,2015-04-28,Violence,2
2335,2015-04-28,Murder,2
2336,2015-04-28,Violence,2
2337,2015-04-27,HERO,2
2338,2015-04-26,Abuse,2
2339,2015-04-26,Shoot,2
2340,2015-04-26,Fren,2
2341,2015-04-25,Death,2
2342,2015-04-25,Death,2
2343,2015-04-25,Death,2
2344,2015-04-24,Brutal,3
2345,2015-04-24,Goals,2
2346,2015-04-23,ADVOC,2
2347,2015-04-22,Ban,2
2348,2015-04-21,Death,2
2349,2015-04-19,Fault,2
2350,2015-04-19,Violence,3
2351,2015-04-19,Shoot,2
2352,2015-04-19,Shock,2
2353,2015-04-19,Trial,2
2354,2015-04-18,Murder,2
2355,2015-04-18,Shoot,2
2356,2015-04-17,Violence,2
2357,2015-04-16,Mercy,2
2358,2015-04-15,FEAR,2
2359,2015-04-15,Death,2
2360,2015-04-14,Man,2
2361,2015-04-14,Ticked,2
2362,2015-04-14,Shoot,2
2363,2015-04-14,Deal,2
2364,2015-04-13,Crash,2
2365,2015-04-13,Wrong,2
2366,2015-04-13,Laughed,2
2367,2015-04-12,Violence,2
2368,2015-04-12,Accident,2
2369,2015-04-12,Fatal,2
2370,2015-04-11,Trial,2
2371,2015-04-11,VICT,2
2372,2015-04-11,Violence,2
2373,2015-04-10,Execution,2
2374,2015-04-10,Theft,2
2375,2015-04-08,THREAT,2
2376,2015-04-08,PEAC,2
2377,2015-04-08,Data,2
2378,2015-04-08,Trial,2
2379,2015-04-08,Forgiveness,2
2380,2015-04-08,Trial,2
2381,2015-04-07,Assault,3
2382,2015-04-07,Murder,2
2383,2015-04-06,Dogs,2
2384,2015-04-05,Punish,2
2385,2015-04-04,Unknown,2
2386,2015-04-03,EXON,2
2387,2015-04-03,Heat,2
2388,2015-04-02,FLAW,2
2389,2015-04-01,BARK,2
2390,2015-03-31,Assault,2
2391,2015-03-31,Death,2
2392,2015-03-31,Hire,2
2393,2015-03-29,Blast,2
2394,2015-03-29,EXPLO,2
2395,2015-03-29,Violence,2
2396,2015-03-28,Accident,2
2397,2015-03-27,Blast,2
2398,2015-03-27,Assault,2
2399,2015-03-27,Hold,2
2400,2015-03-26,Measure,2
2401,2015-03-25,Shock,2
2402,2015-03-25,Blows,2
2403,2015-03-25,Assault,2
2404,2015-03-25,Death,2
2405,2015-03-25,Reform,2
2406,2015-03-24,OUTR,2
2407,2015-03-23,Riot,2
2408,2015-03-22,Miscon,2
2409,2015-03-22,Hate,3
2410,2015-03-22,Violence,2
2411,2015-03-22,Unknown,2
2412,2015-03-21,SEIZE,2
2413,2015-03-21,Murder,3
2414,2015-03-21,Accident,2
2415,2015-03-21,Threats,2
2416,2015-03-21,Death,2
2417,2015-03-21,Abortion,2
2418,2015-03-20,Assault,2
2419,2015-03-20,Punishment,2
2420,2015-03-20,Death,2
2421,2015-03-19,Fiction,2
2422,2015-03-17,Violence,3
2423,2015-03-15,Trial,2
2424,2015-03-15,Arrest,2
2425,2015-03-15,Assault,2
2426,2015-03-15,Sink,2
2427,2015-03-14,PANIC,2
2428,2015-03-14,Trauma,3
2429,2015-03-14,Smokes,3
2430,2015-03-14,Violence,2
2431,2015-03-13,Violence,2
2432,2015-03-13,Demand,2
2433,2015-03-13,Accident,2
2434,2015-03-13,Kidn,2
2435,2015-03-13,Unknown,2
2436,2015-03-12,Opportunity,2
2437,2015-03-12,Suspect,2
2438,2015-03-11,Violence,2
2439,2015-03-11,FUT,2
2440,2015-03-10,WAITING,2
2441,2015-03-08,Rescue,2
2442,2015-03-08,Theft,2
2443,2015-03-08,Arrest,2
2444,2015-03-08,Murder,2
2445,2015-03-07,Collapse,2
2446,2015-03-07,Violence,2
2447,2015-03-07,Violence,2
2448,2015-03-07,Death,3
2449,2015-03-06,Threat,2
2450,2015-03-05,Failure,2
2451,2015-03-05,Protest,2
2452,2015-03-05,Crash,2
2453,2015-03-05,Murder,2
2454,2015-03-05,Need,2
2455,2015-03-04,Attempt,2
2456,2015-03-03,Charges,2
2457,2015-03-03,Raid,2
2458,2015-03-02,Terror,2
2459,2015-03-02,Perpet,2
2460,2015-03-01,Unknown,2
2461,2015-03-01,Murder,2
2462,2015-02-28,SEIZE,2
2463,2015-02-27,Shoot,2
2464,2015-02-26,Terror,0
2465,2015-02-25,Shot,3
2466,2015-02-25,Murder,2
2467,2015-02-24,Pendulum,2
2468,2015-02-24,Theft,3
2469,2015-02-22,Violence,2
2470,2015-02-22,Unknown,2
2471,2015-02-22,Investigation,2
2472,2015-02-21,Death,3
2473,2015-02-21,Death,3
2474,2015-02-20,OUTR,1
2475,2015-02-20,Wanted,2
2476,2015-02-17,Arrest,2
2477,2015-02-17,Kill,2
2478,2015-02-16,EXPLO,2
2479,2015-02-16,Attack,2
2480,2015-02-16,INDICT,1
2481,2015-02-15,Death,3
2482,2015-02-15,Blaze,2
2483,2015-02-15,Fatal,2
2484,2015-02-15,Violence,2
2485,2015-02-14,Death,2
2486,2015-02-14,Shot,2
2487,2015-02-13,Violent,2
2488,2015-02-12,Murder,2
2489,2015-02-12,Death,2
2490,2015-02-12,Terror,2
2491,2015-02-11,Unknown,2
2492,2015-02-11,Blame,2
2493,2015-02-10,Trial,2
2494,2015-02-10,Assault,2
2495,2015-02-09,Justice,2
2496,2015-02-08,Assault,2
2497,2015-02-08,Death,2
2498,2015-02-07,HERO,2
2499,2015-02-07,DRUG,2
2500,2015-02-07,Release,2
2501,2015-02-06,Rape,2
2502,2015-02-06,Sentenced,2
2503,2015-02-05,Jury,2
2504,2015-02-04,Death,2
2505,2015-02-03,Vanish,2
2506,2015-02-03,Punishment,1
2507,2015-02-01,Explo,2
2508,2015-01-31,Evidence,2
2509,2015-01-29,Arrest,2
2510,2015-01-29,FIND,2
2511,2015-01-29,Unknown,2
2512,2015-01-27,Death,2
2513,2015-01-27,Attack,0
2514,2015-01-27,Threat,3
2515,2015-01-27,Ple,2
2516,2015-01-25,Shootings,2
2517,2015-01-25,Suspect,2
2518,2015-01-25,Deny,2
2519,2015-01-24,Violence,2
2520,2015-01-24,Attack,2
2521,2015-01-23,Death,2
2522,2015-01-23,Murder,2
2523,2015-01-22,Violence,2
2524,2015-01-22,Delay,2
2525,2015-01-22,Assault,2
2526,2015-01-22,Assault,2
2527,2015-01-21,Speed,2
2528,2015-01-21,Change,2
2529,2015-01-20,Lynch,2
2530,2015-01-19,HORR,2
2531,2015-01-19,Violence,2
2532,2015-01-19,Death,2
2533,2015-01-17,Arrest,2
2534,2015-01-17,Violence,2
2535,2015-01-17,Shooters,2
2536,2015-01-16,Unknown,2
2537,2015-01-16,Risk,2
2538,2015-01-16,DEAD,1
2539,2015-01-13,Rescue,2
2540,2015-01-12,No,2
2541,2015-01-11,Punish,2
2542,2015-01-11,Shoot,2
2543,2015-01-11,Strang,2
2544,2015-01-10,Shock,2
2545,2015-01-10,Arrest,2
2546,2015-01-10,Terror,2
2547,2015-01-10,DENY,2
2548,2015-01-10,Violence,2
2549,2015-01-10,Shoot,2
2550,2015-01-10,Murder,2
2551,2015-01-09,Delay,2
2552,2015-01-09,Violence,2
2553,2015-01-09,Crash,2
2554,2015-01-07,Dark,2
2555,2015-01-07,Fury,2
2556,2015-01-05,Arrests,2
2557,2015-01-05,Violence,3
2558,2015-01-05,Assault,2
2559,2015-01-05,Murder,2
2560,2015-01-04,Terror,2
2561,2015-01-04,Protest,2
2562,2015-01-03,Killer,2
2563,2015-01-03,Assault,2
2564,2015-01-02,Violence,2
2565,2015-01-02,Abuse,2
2566,2015-01-02,Violence,2
2567,2015-01-02,Violence,2
2568,2015-01-02,Murder,2
2569,2015-01-02,Violence,2
2570,2015-01-01,Sentences,2
2571,2015-01-01,FIND,2
2572,2015-01-01,Reject,2
2573,2015-01-01,Deaths,2
2574,2015-01-01,Death,2
2575,2015-01-01,Accident,2
2576,2015-01-01,Unknown,2
2577,2015-01-01,Violence,2
2578,2015-01-01,Protest,2
2579,2014-12-31,Threat,2
2580,2014-12-31,Death,2
2581,2014-12-30,Prejud,2
2582,2014-12-29,Power,2
2583,2014-12-28,Violence,2
2584,2014-12-28,Shoot,0
2585,2014-12-28,Judges,2
2586,2014-12-27,Traged,2
2587,2014-12-27,Violence,2
2588,2014-12-26,Violence,2
2589,2014-12-26,Fantas,2
2590,2014-12-26,Assault,2
2591,2014-12-26,Scandal,3
2592,2014-12-25,Unknown,2
2593,2014-12-25,Violence,2
2594,2014-12-25,Violence,2
2595,2014-12-25,Unknown,2
2596,2014-12-24,Violence,2
2597,2014-12-24,Failure,2
2598,2014-12-24,Reform,2
2599,2014-12-23,Violence,2
2600,2014-12-22,Violence,2
2601,2014-12-21,Violence,2
2602,2014-12-21,Shift,2
2603,2014-12-21,Deny,2
2604,2014-12-21,Violence,2
2605,2014-12-20,Unknown,2
2606,2014-12-18,Unknown,2
2607,2014-12-18,Shoot,2
2608,2014-12-18,Fail,1
2609,2014-12-18,Violence,3
2610,2014-12-18,Abuse,2
2611,2014-12-17,VANISH,2
2612,2014-12-16,Shoot,2
2613,2014-12-16,Trial,2
2614,2014-12-16,Death,2
2615,2014-12-14,Terror,2
2616,2014-12-14,Terror,2
2617,2014-12-14,Violence,2
2618,2014-12-14,Bomb,2
2619,2014-12-13,Ban,2
2620,2014-12-13,Arrest,2
2621,2014-12-13,Murder,2
2622,2014-12-12,Award,2
2623,2014-12-09,Charge,2
2624,2014-12-09,Violence.,2
2625,2014-12-08,Crash,2
2626,2014-12-08,Honor,2
2627,2014-12-08,Violence,2
2628,2014-12-08,Crash,2
2629,2014-12-07,HOPE,2
2630,2014-12-07,Murder,2
2631,2014-12-06,Deny,2
2632,2014-12-06,Violence,2
2633,2014-12-06,Attack,2
2634,2014-12-06,DEP,2
2635,2014-12-06,Assault,2
2636,2014-12-05,Permiss,2
2637,2014-12-05,BILL,2
2638,2014-12-04,Blame,2
2639,2014-12-04,Violence,2
2640,2014-12-04,Riot,2
2641,2014-12-03,Death,0
2642,2014-12-03,Chaos,2
2643,2014-12-03,Violence,2
2644,2014-12-03,Violence,0
2645,2014-12-03,Search,2
2646,2014-12-03,Attack,2
2647,2014-12-02,Ban,2
2648,2014-12-01,Widen,2
2649,2014-12-01,Money,2
2650,2014-11-30,Unknown,2
2651,2014-11-30,Buried,2
2652,2014-11-30,DISCOVER,2
2653,2014-11-30,Death,2
2654,2014-11-29,Shot,2
2655,2014-11-29,Theft,2
2656,2014-11-29,Death,2
2657,2014-11-29,FIGHT,2
2658,2014-11-29,Violence,2
2659,2014-11-28,Sent,2
2660,2014-11-28,Riot,0
2661,2014-11-28,Chaos,2
2662,2014-11-28,Accident,2
2663,2014-11-28,Cover,2
2664,2014-11-27,Terrorists,2
2665,2014-11-27,Bandits,2
2666,2014-11-26,THIE,2
2667,2014-11-26,Violence,2
2668,2014-11-25,Violence,2
2669,2014-11-23,Violence,2
2670,2014-11-20,Rape,2
2671,2014-11-20,Shooter,2
2672,2014-11-20,Abuse,0
2673,2014-11-20,Murder,2
2674,2014-11-20,Accident,2
2675,2014-11-17,Wrong,2
2676,2014-11-16,Violence,3
2677,2014-11-15,LEADS,2
2678,2014-11-15,Death,2
2679,2014-11-15,Secrets,2
2680,2014-11-15,Hunt,2
2681,2014-11-14,Violence,2
2682,2014-11-11,Tool,2
2683,2014-11-10,Violence,2
2684,2014-11-09,Death,2
2685,2014-11-09,Death,2
2686,2014-11-08,Assault,0
2687,2014-11-08,Death,2
2688,2014-11-08,Solution,2
2689,2014-11-07,Murder,2
2690,2014-11-06,SHOCK,2
2691,2014-11-04,Victim,2
2692,2014-11-04,Unknown,2
2693,2014-11-04,Death,2
2694,2014-11-04,Shoots,3
2695,2014-11-04,Abuse,2
2696,2014-11-02,Blaze,0
2697,2014-11-02,Shock,3
2698,2014-11-02,Violence,2
2699,2014-11-02,Trial,0
2700,2014-11-01,Mandated,2
2701,2014-11-01,Abuse,2
2702,2014-11-01,Assault,2
2703,2014-10-29,Deaths,2
2704,2014-10-29,Blast,2
2705,2014-10-29,Terror,2
2706,2014-10-27,Violence,2
2707,2014-10-27,Violence,2
2708,2014-10-27,Unknown,2
2709,2014-10-27,SHOT,2
2710,2014-10-27,Abuse,2
2711,2014-10-26,Death,2
2712,2014-10-26,Suspect,2
2713,2014-10-25,Violence,2
2714,2014-10-25,Unknown,2
2715,2014-10-25,Rage,2
2716,2014-10-24,Theft,2
2717,2014-10-23,Threat,2
2718,2014-10-23,Accident,2
2719,2014-10-23,Scandal,2
2720,2014-10-22,Support,2
2721,2014-10-22,Assaults,2
2722,2014-10-20,Madness,1
2723,2014-10-19,Panic,0
2724,2014-10-19,Violence,2
2725,2014-10-18,Violence,2
2726,2014-10-18,Bear,0
2727,2014-10-18,Unknown,2
2728,2014-10-17,Unknown,2
2729,2014-10-15,Violence,2
2730,2014-10-15,Violence,3
2731,2014-10-14,SHOCK,2
2732,2014-10-14,Death,2
2733,2014-10-13,Accident,2
2734,2014-10-13,Dece,2
2735,2014-10-12,Fight,2
2736,2014-10-12,Error,2
2737,2014-10-12,Death,2
2738,2014-10-11,Terror,2
2739,2014-10-11,Terror,2
2740,2014-10-10,Violence,2
2741,2014-10-09,Unknown,2
2742,2014-10-09,Shoot,2
2743,2014-10-09,Man,2
2744,2014-10-09,Violence,2
2745,2014-10-08,Scandal,3
2746,2014-10-07,Narcotics,2
2747,2014-10-05,Murder,2
2748,2014-10-05,Murderer,2
2749,2014-10-05,Chaos,2
2750,2014-10-04,DISPUTE,2
2751,2014-10-04,Violence,2
2752,2014-10-04,Unknown,2
2753,2014-10-04,Murder,2
2754,2014-10-04,Man,2
2755,2014-10-04,Tension,2
2756,2014-10-04,Threats,2
2757,2014-10-03,Accident,2
2758,2014-09-30,Abuse,2
2759,2014-09-30,Trial,2
2760,2014-09-30,Death,2
2761,2014-09-30,Terrorist,2
2762,2014-09-30,Death,2
2763,2014-09-30,Rape,3
2764,2014-09-29,Abuse,2
2765,2014-09-28,Violence,2
2766,2014-09-28,Violence,2
2767,2014-09-27,Protest,2
2768,2014-09-26,Violence,2
2769,2014-09-26,RISE,2
2770,2014-09-26,Hunt,2
2771,2014-09-26,Violence,0
2772,2014-09-26,B,1
2773,2014-09-25,Escape,2
2774,2014-09-25,Abuse,2
2775,2014-09-24,Threat,2
2776,2014-09-24,Fatal,2
2777,2014-09-24,Danger,2
2778,2014-09-23,FORCE,2
2779,2014-09-23,PANIC,0
2780,2014-09-23,Unknown,2
2781,2014-09-23,Evil,1
2782,2014-09-22,Murder,2
2783,2014-09-22,Terror,2
2784,2014-09-22,Rape,3
2785,2014-09-21,Violence,2
2786,2014-09-21,Escape,2
2787,2014-09-21,Accident,2
2788,2014-09-20,Death,2
2789,2014-09-20,Unknown,2
2790,2014-09-20,Poison,2
2791,2014-09-19,HITS,2
2792,2014-09-19,State,2
2793,2014-09-19,Unknown,2
2794,2014-09-17,FIND,2
2795,2014-09-17,Testify,2
2796,2014-09-16,Violence,2
2797,2014-09-15,Assault,2
2798,2014-09-14,Accident,2
2799,2014-09-13,Kidnap,2
2800,2014-09-13,Tanks,2
2801,2014-09-13,Violence,2
2802,2014-09-13,Violence,2
2803,2014-09-12,Abuse,3
2804,2014-09-11,Inequality,2
2805,2014-09-09,Broken,2
2806,2014-09-09,Assault,2
2807,2014-09-08,Risk,2
2808,2014-09-08,Death,2
2809,2014-09-07,Hurt,2
2810,2014-09-07,Rape,2
2811,2014-09-07,ID,2
2812,2014-09-06,Death,0
2813,2014-09-05,Punishment,2
2814,2014-09-04,Threat,2
2815,2014-09-04,Threats,2
2816,2014-09-04,Abuse,2
2817,2014-09-04,Fall,2
2818,2014-09-04,Riot,2
2819,2014-09-04,Violence,2
2820,2014-09-03,Violence,2
2821,2014-09-01,Assault,2
2822,2014-08-31,Hearing,2
2823,2014-08-31,Death,2
2824,2014-08-31,Susp,2
2825,2014-08-31,Rage,2
2826,2014-08-31,Abuse,2
2827,2014-08-30,Theft,0
2828,2014-08-30,Death,3
2829,2014-08-30,Death,2
2830,2014-08-30,Rape,2
2831,2014-08-27,overdose,2
2832,2014-08-27,Violence,2
2833,2014-08-24,Unknown,2
2834,2014-08-24,Unknown,0
2835,2014-08-23,Suspended,2
2836,2014-08-23,Violence,2
2837,2014-08-23,Riot,2
2838,2014-08-22,Pain,2
2839,2014-08-22,Justice,2
2840,2014-08-22,Framing,3
2841,2014-08-21,Fatal,2
2842,2014-08-21,Violence,2
2843,2014-08-20,Stop,0
2844,2014-08-20,Unknown,1
2845,2014-08-20,Abuse,2
2846,2014-08-19,Hate,2
2847,2014-08-18,Hit,2
2848,2014-08-18,Shoot,2
2849,2014-08-17,Tactics,2
2850,2014-08-17,Chaos,2
2851,2014-08-17,Violence,3
2852,2014-08-16,Poison,2
2853,2014-08-16,Violence,2
2854,2014-08-16,Attack,0
2855,2014-08-16,Attack,3
2856,2014-08-15,Unknown,0
2857,2014-08-15,Assault,2
2858,2014-08-13,Shootings,2
2859,2014-08-13,Violence,2
2860,2014-08-13,Violence,2
2861,2014-08-10,Murder,2
2862,2014-08-10,Violence,2
2863,2014-08-10,Death,2
2864,2014-08-09,Shooters,2
2865,2014-08-06,Murder,3
2866,2014-08-05,Shock,2
2867,2014-08-04,Death,2
2868,2014-08-04,Coordination,2
2869,2014-08-04,Violence,2
2870,2014-08-04,Shock,2
2871,2014-08-04,Threat,2
2872,2014-08-03,Danger,2
2873,2014-08-02,Violence,2
2874,2014-08-02,Death,2
2875,2014-08-01,Hold,2
2876,2014-08-01,Violence,2
2877,2014-07-28,Secret,2
2878,2014-07-28,Violence,2
2879,2014-07-27,Victims,2
2880,2014-07-27,Gun,2
2881,2014-07-27,Assault,2
2882,2014-07-27,Hate,2
2883,2014-07-26,Terror,2
2884,2014-07-26,Trial,2
2885,2014-07-26,Violence,2
2886,2014-07-26,Death,2
2887,2014-07-25,Unknown,2
2888,2014-07-25,Fail,2
2889,2014-07-25,Brutality,2
2890,2014-07-24,Death,2
2891,2014-07-24,Murder,2
2892,2014-07-23,Death,2
2893,2014-07-23,REVOLUTION,2
2894,2014-07-21,Trash,2
2895,2014-07-20,Shootout,2
2896,2014-07-20,Abuse,2
2897,2014-07-20,Violence,2
2898,2014-07-20,Violence,2
2899,2014-07-19,Violence,2
2900,2014-07-19,SCAMS,2
2901,2014-07-19,Death,2
2902,2014-07-18,Violence,0
2903,2014-07-18,Traffickers,2
2904,2014-07-18,Death,2
2905,2014-07-17,Chaos,2
2906,2014-07-17,Charges,2
2907,2014-07-17,Justice,2
2908,2014-07-16,Access,2
2909,2014-07-16,Unknown,2
2910,2014-07-15,Abuse,2
2911,2014-07-15,Violence,2
2912,2014-07-14,Violence,2
2913,2014-07-13,Trauma,2
2914,2014-07-12,Abuse,2
2915,2014-07-11,Panic,2
2916,2014-07-11,Murder,3
2917,2014-07-11,Bombing,2
2918,2014-07-10,Rage,2
2919,2014-07-10,Death,2
2920,2014-07-10,Violence,2
2921,2014-07-09,Terror,2
2922,2014-07-08,Shock,2
2923,2014-07-08,Accident,2
2924,2014-07-08,Death,2
2925,2014-07-07,FAKE,2
2926,2014-07-07,Violence,2
2927,2014-07-06,Death,2
2928,2014-07-06,Violence,2
2929,2014-07-06,Killer,0
2930,2014-07-05,Shoot,2
2931,2014-07-05,Vanish,2
2932,2014-07-05,Panic,2
2933,2014-07-05,Violence,2
2934,2014-07-04,Punish,2
2935,2014-07-03,Assault,2
2936,2014-07-03,Rage,3
2937,2014-07-03,Accident,2
2938,2014-07-03,Violence,2
2939,2014-07-03,Murderer,2
2940,2014-06-30,Lawyers,2
2941,2014-06-29,Fire,2
2942,2014-06-29,Assault,2
2943,2014-06-28,Violence,2
2944,2014-06-28,Yes,2
2945,2014-06-27,Blaze,2
2946,2014-06-26,Violence,2
2947,2014-06-25,Bodies,2
2948,2014-06-25,Murder,2
2949,2014-06-25,RUL,2
2950,2014-06-24,Violence,0
2951,2014-06-22,FLOR,2
2952,2014-06-22,Danger.,2
2953,2014-06-22,Abuse,2
2954,2014-06-22,Arrests,2
2955,2014-06-21,Trump,2
2956,2014-06-19,Achievement,2
2957,2014-06-18,Abuse,2
2958,2014-06-18,Violence,2
2959,2014-06-16,Abuse,2
2960,2014-06-16,Death,2
2961,2014-06-16,Unknown,3
2962,2014-06-14,Warrant,2
2963,2014-06-12,Violence,2
2964,2014-06-10,Trial,2
2965,2014-06-10,Risk,2
2966,2014-06-08,Threats,2
2967,2014-06-08,Drunk,2
2968,2014-06-08,Assault,2
2969,2014-06-08,Body,2
2970,2014-06-08,Violence,2
2971,2014-06-07,Blaze,2
2972,2014-06-07,Rape,2
2973,2014-06-07,Crash,2
2974,2014-06-07,Panic,2
2975,2014-06-06,Death,2
2976,2014-06-06,Wanted,2
2977,2014-06-06,Man,2
2978,2014-06-04,Terror,2
2979,2014-06-04,Deny,0
2980,2014-06-03,Risk,1
2981,2014-06-03,Hate,2
2982,2014-06-02,Shark,2
2983,2014-06-02,Accident,2
2984,2014-06-02,Violence,2
2985,2014-06-01,Violence,2
2986,2014-05-31,Guns,2
2987,2014-05-31,Violence,2
2988,2014-05-31,Unknown,2
2989,2014-05-30,Blast,2
2990,2014-05-29,Violence,2
2991,2014-05-29,Assault,2
2992,2014-05-28,Threats,2
2993,2014-05-27,Shock,2
2994,2014-05-26,Death,2
2995,2014-05-26,Hit,2
2996,2014-05-25,Crash,2
2997,2014-05-25,Hate,2
2998,2014-05-25,Escape,2
2999,2014-05-25,Violence,2
3000,2014-05-25,Attack,2
3001,2014-05-25,PARENT,2
3002,2014-05-24,Violence,2
3003,2014-05-24,SUSPECT,2
3004,2014-05-23,Rape,2
3005,2014-05-22,Unknown,3
3006,2014-05-22,Violence,2
3007,2014-05-21,Arrest,2
3008,2014-05-19,Death,3
3009,2014-05-19,Accident,2
3010,2014-05-19,Spy,2
3011,2014-05-16,Unknown,3
3012,2014-05-15,Unknown,2
3013,2014-05-14,Death,2
3014,2014-05-14,Unknown,2
3015,2014-05-11,Terror,2
3016,2014-05-11,Kids,2
3017,2014-05-10,Violence,2
3018,2014-05-10,SCARE,2
3019,2014-05-08,Scandal,2
3020,2014-05-07,Execut,2
3021,2014-05-06,Shot,3
3022,2014-05-06,Death,2
3023,2014-05-06,Threats,2
3024,2014-05-06,Firing,2
3025,2014-05-05,Violence,2
3026,2014-05-05,Shock,2
3027,2014-05-05,Methods,2
3028,2014-05-04,Accident,2
3029,2014-05-03,SEIZE,2
3030,2014-05-03,Danger,2
3031,2014-05-01,Privat,1
3032,2014-05-01,Blast,2
3033,2014-04-30,Lies,2
3034,2014-04-27,Sent,2
3035,2014-04-27,Crash,2
3036,2014-04-26,Violence,2
3037,2014-04-26,Blast,2
3038,2014-04-25,Death,2
3039,2014-04-25,Stigma,2
3040,2014-04-24,Unknown,2
3041,2014-04-23,Abuse,2
3042,2014-04-23,Danger,2
3043,2014-04-20,Theft,2
3044,2014-04-20,FIND,2
3045,2014-04-19,Crash,2
3046,2014-04-19,Unknown,2
3047,2014-04-18,Pressure,2
3048,2014-04-18,Attempt,2
3049,2014-04-18,Request,2
3050,2014-04-13,BAND,1
3051,2014-04-13,Tears,1
3052,2014-04-13,Violence,1
3053,2014-04-12,Panic,2
3054,2014-04-12,Thief,2
3055,2014-04-12,Assault,2
3056,2014-04-12,EXTEND,2
3057,2014-04-12,Shootings,1
3058,2014-04-12,RELEASE,2
3059,2014-04-06,Murder,2
3060,2014-04-06,Torture,1
3061,2014-04-05,Alert,2
3062,2014-03-30,Threat,1
3063,2014-03-29,Murder,1
3064,2014-03-29,DISCOVERY,1
3065,2014-03-29,Terrorist,2
3066,2014-03-29,Suspect,2
3067,2014-03-23,Terror,1
3068,2014-03-22,EXEM,1
3069,2014-03-22,Suspect,1
3070,2014-03-16,Murder,1
3071,2014-03-16,VOW,2
3072,2014-03-16,Abuse,2
3073,2014-03-16,SCAM,2
3074,2014-03-15,Death,2
3075,2014-03-09,ASSA,0
3076,2014-03-08,Assault,2
3077,2014-03-08,BAIL,3
3078,2014-03-08,Trial,1
3079,2014-03-08,ABDU,1
3080,2014-03-02,Shocked,1
3081,2014-03-02,Degrad,2
3082,2014-03-02,WOR,2
3083,2014-03-02,Avalanche,2
3084,2014-03-01,Loyalty,2
3085,2014-02-23,Abuse,2
3086,2014-02-23,HORR,2
3087,2014-02-22,Theft,2
3088,2014-02-22,Violence,2
3089,2014-02-22,Search,3
3090,2014-02-17,GOD,2
3091,2014-02-17,Shoot,2
3092,2014-02-16,Avalanche,2
3093,2014-02-16,Deny,2
3094,2014-02-16,Shocking,1
3095,2014-02-16,Violence,2
3096,2014-02-15,overdose,1
3097,2014-02-15,Violence,1
3098,2014-02-09,Blaze,2
3099,2014-02-09,STUP,2
3100,2014-02-09,Wrongful,2
3101,2014-02-09,Signal,2
3102,2014-02-09,Death,1
3103,2014-02-02,HEIST,2
3104,2014-02-01,Assault,1
3105,2014-02-01,Violence,2
3106,2014-01-26,Murder,2
3107,2014-01-25,Murder,2
3108,2014-01-25,Secrets,1
3109,2014-01-25,Hate,2
3110,2014-01-20,Death,1
3111,2014-01-20,Shoot,2
3112,2014-01-19,Murder,3
3113,2014-01-18,Suspect,2
3114,2014-01-18,Trial,2
3115,2014-01-18,Assault,2
3116,2014-01-12,Thief,2
3117,2014-01-11,Abuse,2
3118,2014-01-11,Responsibility,2
3119,2014-01-11,Jury,2
3120,2014-01-11,Violence,1
3121,2014-01-11,DISPUTE,2
3122,2014-01-11,Theft,2
3123,2014-01-01,Man,2
3124,2014-01-01,Abuse,2
3125,2014-01-01,Shot,1
3126,2014-01-01,Blast,1
3127,2013-12-29,Violence,1
3128,2013-12-29,Theft,1
3129,2013-12-29,Tense,1
3130,2013-12-28,Unknown,1
3131,2013-12-28,Violent,2
3132,2013-12-28,Unknown,1
3133,2013-12-27,Threat,2
3134,2013-12-27,Assault,2
3135,2013-12-27,Support,1
3136,2013-12-27,Migrants,1
3137,2013-12-26,Murder,2
3138,2013-12-26,DISAP,1
3139,2013-12-26,SCAND,2
3140,2013-12-26,Lawsuit,1
3141,2013-12-26,Scandal,1
3142,2013-12-26,Attack,1
3143,2013-12-25,Violence,2
3144,2013-12-25,Grief,2
3145,2013-12-25,CHECKLIST,0
3146,2013-12-24,Assault,2
3147,2013-12-24,SHOOT,1
3148,2013-12-24,Death,2
3149,2013-12-22,Assault,1
3150,2013-12-22,PAROLE,2
3151,2013-12-22,Father,1
3152,2013-12-21,ARREST,2
3153,2013-12-21,ERU,1
3154,2013-12-21,Competent,1
3155,2013-12-21,Theft,2
3156,2013-12-15,Abuse,2
3157,2013-12-15,Violence,1
3158,2013-12-14,Poverty,2
3159,2013-12-14,Attack,1
3160,2013-12-14,SCAM,2
3161,2013-12-08,TREN,2
3162,2013-12-08,SCARE,2
3163,2013-12-07,Ideas,1
3164,2013-12-01,Size,3
3165,2013-12-01,Blaze,1
3166,2013-12-01,Terror,2
3167,2013-11-30,DEAD,1
3168,2013-11-29,Murder,1
3169,2013-11-29,Unknown,2
3170,2013-11-29,JUSTICE,2
3171,2013-11-29,Violence,1
3172,2013-11-29,Waste,1
3173,2013-11-28,Justice,1
3174,2013-11-28,PLE,2
3175,2013-11-28,Trust,2
3176,2013-11-28,Empty,2
3177,2013-11-28,Murder,2
3178,2013-11-24,Death,1
3179,2013-11-24,Evidence,2
3180,2013-11-24,Fire,2
3181,2013-11-24,Murder,2
3182,2013-11-24,SHOOT,2
3183,2013-11-23,Lie,2
3184,2013-11-23,Todd,2
3185,2013-11-23,Charges,2
3186,2013-11-23,Rape,1
3187,2013-11-23,Violence,2
3188,2013-11-17,Attack,1
3189,2013-11-17,HORR,2
3190,2013-11-16,Suspended,2
3191,2013-11-16,Man,2
3192,2013-11-16,Liability,2
3193,2013-11-10,Death,1
3194,2013-11-09,INDICT,2
3195,2013-11-09,Relief,2
3196,2013-10-27,Murder,2
3197,2013-10-26,KILL,2
3198,2013-10-20,Assault,2
3199,2013-10-20,Violence,2
3200,2013-10-20,Death,1
3201,2013-10-20,Assault,2
3202,2013-10-19,Rape,2
3203,2013-10-19,Loot,1
3204,2013-10-19,Robbery,2
3205,2013-10-19,Violation,2
3206,2013-10-13,Abuse,1
3207,2013-10-05,Encounter,2
3208,2013-09-28,Risk,1
3209,2013-09-28,Cheat,1
3210,2013-09-22,Abuse,2
3211,2013-09-22,SEIZE,2
3212,2013-09-21,Death,1
3213,2013-09-21,Shock,2
3214,2013-09-21,Blasted,1
3215,2013-09-08,Violence,2
3216,2013-09-08,Permit,2
3217,2013-09-08,Fire,2
3218,2013-09-07,Assault,2
3219,2013-09-02,Search,1
3220,2013-09-01,WOR,2
3221,2013-09-01,Violence,3
3222,2013-08-25,Violence,2
3223,2013-08-24,Parents,2
3224,2013-08-11,KILL,1
3225,2013-08-10,HORSE,2
3226,2013-08-10,SCAM,2
3227,2013-08-04,Abuse,0
3228,2013-08-04,Attack,1
3229,2013-08-04,Escape,2
3230,2013-08-03,KILL,1
3231,2013-08-03,STAG,2
3232,2013-08-03,"""",2
3233,2013-07-28,Assault,2
3234,2013-07-28,Arrests,1
3235,2013-07-28,CRAZY,2
3236,2013-07-27,Kidn,2
3237,2013-07-21,Unknown,2
3238,2013-07-21,SHOOT,2
3239,2013-07-21,Accident,2
3240,2013-07-20,HORR,2
3241,2013-07-20,Abuse,2
3242,2013-07-20,Locks,2
3243,2013-07-14,Fix,2
3244,2013-07-14,Kidn,2
3245,2013-07-14,Wrong,2
3246,2013-07-14,Pain,2
3247,2013-07-13,FOUND,2
3248,2013-07-13,Protest,2
3249,2013-07-07,Abuse,2
3250,2013-07-07,Violence,2
3251,2013-07-07,Violation,1
3252,2013-07-07,Collectors,2
3253,2013-07-06,DEVAST,2
3254,2013-07-06,WHY,2
3255,2013-07-06,Neglect,2
3256,2013-07-06,Accident,2
3257,2013-07-05,Death,2
3258,2013-07-04,Tough,2
3259,2013-07-04,Person,2
3260,2013-07-04,Closure,2
3261,2013-06-30,Fear,2
3262,2013-06-29,INDICT,1
3263,2013-06-29,Assault,2
3264,2013-06-23,Secret,2
3265,2013-06-22,Assault,2
3266,2013-06-22,ABDU,2
3267,2013-06-22,ABUSE,2
3268,2013-06-22,Crash,1
3269,2013-06-08,INDICT,2
3270,2013-06-02,Kidn,2
3271,2013-06-01,Vandal,2
3272,2013-06-01,Missing,1
3273,2013-05-27,Attack,1
3274,2013-05-26,Attack,1
3275,2013-05-26,Claim,1
3276,2013-05-25,Search,1
3277,2013-05-25,Death,2
3278,2013-05-19,Trial,2
3279,2013-05-18,Terror,1
3280,2013-05-12,Violence.,2
3281,2013-05-12,Violence,2
3282,2013-05-11,Assault,1
3283,2013-05-11,Unknown,2
3284,2013-05-11,Missing,1
3285,2013-05-11,Tears,2
3286,2013-05-05,Potential,1
3287,2013-05-05,Burial,2
3288,2013-05-04,Error,1
3289,2013-05-04,Trial,2
3290,2013-05-04,Jury,2
3291,2013-05-04,YIELD,2
3292,2013-04-27,Violence,2
3293,2013-04-21,Death,2
3294,2013-04-21,BRAVE,2
3295,2013-04-21,INJ,2
3296,2013-04-21,Terrorist,2
3297,2013-04-21,Choice,2
3298,2013-04-21,BRAVE,2
3299,2013-04-20,DISASTER,2
3300,2013-04-20,Chaos,2
3301,2013-04-20,Terrorist,2
3302,2013-04-20,ARREST,2
3303,2013-04-20,Abandon,1
3304,2013-04-20,EXPLO,2
3305,2013-04-20,SURV,2
3306,2013-04-20,Brothers,2
3307,2013-04-20,Tipped,2
3308,2013-04-20,CONTROL,2
3309,2013-04-20,TERROR,2
3310,2013-04-20,Risk,3
3311,2013-04-20,END.,2
3312,2013-04-07,Abandon,2
3313,2013-04-07,Search,2
3314,2013-04-06,Death,2
3315,2013-03-31,Justice,2
3316,2013-03-30,SWELL,2
3317,2013-03-30,Suspended,0
3318,2013-03-30,Fraud,3
3319,2013-03-24,Accident,2
3320,2013-03-23,Violence,2
3321,2013-03-17,Defeat,2
3322,2013-03-17,Guilt,1
3323,2013-03-16,Assault,2
3324,2013-03-16,Torture,1
3325,2013-03-03,STING,2
3326,2013-02-24,Rape,1
3327,2013-02-23,MAN,1
3328,2013-02-23,Murder,2
3329,2013-02-18,Stink,2
3330,2013-02-18,Murder,1
3331,2013-02-18,Blast,1
3332,2013-02-18,Threat,2
3333,2013-02-18,Death.,2
3334,2013-02-18,Bizarre,2
3335,2013-02-18,Unknown,2
3336,2013-02-17,Assault,2
3337,2013-02-16,BEAT,2
3338,2013-02-03,Death,1
3339,2013-02-02,Deny,2
3340,2013-02-02,Thief,1
3341,2013-01-21,Marriage,2
3342,2013-01-21,Vandal,2
3343,2013-01-21,Abuse,2
3344,2013-01-21,Violence,2
3345,2013-01-21,Danger.,2
3346,2013-01-21,Permits,2
3347,2013-01-21,Violence,1
3348,2013-01-20,Attack,2
3349,2013-01-19,STRONG,1
3350,2013-01-19,Attack,2
3351,2013-01-19,HOARD,2
3352,2013-01-19,Death,2
3353,2013-01-13,Violence,0
3354,2013-01-06,Suspect,1
3355,2013-01-05,SHOOT,2
3356,2013-01-05,Tolerance,2
3357,2013-01-05,Murder,1
3358,2013-01-05,BOO,2
3359,2013-01-05,Damage,2
3360,2013-01-01,Lawsuit,2
3361,2013-01-01,Violence,2
3362,2013-01-01,Deaths,1
3363,2012-12-25,Chaos,1
3364,2012-12-25,Death,1
3365,2012-12-25,Gunman,2
3366,2012-12-24,Blaze,1
3367,2012-12-24,SHOOT,2
3368,2012-12-23,Expectation,2
3369,2012-12-23,HOAX,1
3370,2012-12-23,Struggle,1
3371,2012-12-23,Mutiny,2
3372,2012-12-23,STUN,1
3373,2012-12-22,Graves,2
3374,2012-12-22,Debate,2
3375,2012-12-22,Chaos,1
3376,2012-12-09,Death,2
3377,2012-12-09,Theft,2
3378,2012-12-09,ALLEG,2
3379,2012-12-08,Abuse,2
3380,2012-12-08,HORR,2
3381,2012-12-08,SENTENCE,2
3382,2012-12-02,Theft,1
3383,2012-12-02,Thief,2
3384,2012-12-02,Rape,2
3385,2012-12-01,Violence,1
3386,2012-12-01,Hoffner,1
3387,2012-12-01,Hopelessness,1
3388,2012-12-01,Torture,2
3389,2012-12-01,Assault,2
3390,2012-11-25,Death,2
3391,2012-11-24,Attack,1
3392,2012-11-23,Discovery,1
3393,2012-11-23,Abuse,2
3394,2012-11-23,Violence,2
3395,2012-11-22,Murder,1
3396,2012-11-18,Death,2
3397,2012-11-18,Investigation,2
3398,2012-11-17,Shoots,1
3399,2012-11-17,Murder,2
3400,2012-11-04,Trial,2
3401,2012-10-30,Theft,1
3402,2012-10-30,Dece,1
3403,2012-10-30,Denial,1
3404,2012-10-30,Theft,1
3405,2012-10-30,Abuse,2
3406,2012-10-30,Theft,2
3407,2012-10-28,Violence,2
3408,2012-10-28,Killer,2
3409,2012-10-27,Escape.,2
3410,2012-10-27,PUN,1
3411,2012-10-21,Man,2
3412,2012-10-21,SHOOT,1
3413,2012-10-20,FOUND,2
3414,2012-10-20,Violence,2
3415,2012-10-20,Punish,2
3416,2012-10-14,Suspect,1
3417,2012-10-13,Ring,2
3418,2012-10-13,Lawsuit,2
3419,2012-10-13,Accused,1
3420,2012-10-07,Death,2
3421,2012-10-06,Theft,2
3422,2012-10-06,Attempt,2
3423,2012-10-06,Assault,2
3424,2012-10-06,Laws,1
3425,2012-09-30,Threat,2
3426,2012-09-30,SHERM,1
3427,2012-09-30,Theft,2
3428,2012-09-29,REVE,1
3429,2012-09-29,Violence,2
3430,2012-09-29,Scam,2
3431,2012-09-16,Assault,2
3432,2012-09-16,"""Ga",2
3433,2012-09-16,Allegations,2
3434,2012-09-15,Assault,1
3435,2012-09-15,Entrap,2
3436,2012-09-15,Search,2
3437,2012-09-09,Suspect,2
3438,2012-09-08,Reject,2
3439,2012-09-08,Testimony,2
3440,2012-09-03,Assault,1
3441,2012-09-03,THIE,2
3442,2012-09-03,Death,1
3443,2012-09-02,Suspect,2
3444,2012-09-02,Laws,1
3445,2012-09-01,Accident,2
3446,2012-08-26,Delay,1
3447,2012-08-26,Plan,1
3448,2012-08-26,Abuse,2
3449,2012-08-25,FINE,2
3450,2012-08-25,VIO,1
3451,2012-08-19,Assault,2
3452,2012-08-19,Arrest,2
3453,2012-08-18,Thief,2
3454,2012-08-12,FBI,2
3455,2012-08-11,VICT,1
3456,2012-08-11,Theft,1
3457,2012-08-11,Obsession,1
3458,2012-08-05,Massacre,1
3459,2012-08-05,Terror,1
3460,2012-08-05,Justice,2
3461,2012-08-05,Gunfire,1
3462,2012-08-05,Man,1
3463,2012-08-04,Lawsuit,2
3464,2012-08-04,FORCE,2
3465,2012-08-04,Attack,2
3466,2012-08-04,Lie,2
3467,2012-07-28,Pain,2
3468,2012-07-28,Deny,2
3469,2012-07-28,NATURAL,2
3470,2012-07-28,SCAM,2
3471,2012-07-22,MORT,2
3472,2012-07-22,Assault,1
3473,2012-07-22,Unknown,2
3474,2012-07-21,BUST,1
3475,2012-07-15,Theft,2
3476,2012-07-15,Murder,2
3477,2012-07-08,Laws,1
3478,2012-07-08,Rape,2
3479,2012-07-08,Assault,1
3480,2012-07-07,Accident,1
3481,2012-07-04,VICT,2
3482,2012-07-04,Homic,2
3483,2012-07-01,Theft,2
3484,2012-07-01,Assault,2
3485,2012-06-30,Theft,1
3486,2012-06-30,Murder,2
3487,2012-06-23,Rape,2
3488,2012-06-23,TRIAL,2
3489,2012-06-23,Lawsuits,2
3490,2012-06-23,Absent,2
3491,2012-06-23,Convict,1
3492,2012-06-23,Looph,1
3493,2012-06-17,ARREST,1
3494,2012-06-17,Accident,1
3495,2012-06-17,Laws,2
3496,2012-06-17,Blasts,2
3497,2012-06-16,FURY,1
3498,2012-06-16,False,1
3499,2012-06-16,CHARG,2
3500,2012-06-10,Arrest,2
3501,2012-06-09,Murder,2
3502,2012-06-09,Fatal,2
3503,2012-06-09,Unknown,2
3504,2012-06-03,Fire,1
3505,2012-06-03,Traffick,2
3506,2012-06-03,Assault,2
3507,2012-06-02,Law,2
3508,2012-06-02,SCAM,2
3509,2012-06-02,Fright,2
3510,2012-05-28,Escape,1
3511,2012-05-28,Torture,2
3512,2012-05-28,Torture,1
3513,2012-05-28,Violence,2
3514,2012-05-28,Torture,2
3515,2012-05-28,STAINS,2
3516,2012-05-27,FOUND,1
3517,2012-05-27,Prison,1
3518,2012-05-27,Details,2
3519,2012-05-27,Thief,2
3520,2012-05-20,Impr,2
3521,2012-05-19,Violence,2
3522,2012-05-19,EXON,2
3523,2012-05-13,Barred,2
3524,2012-05-12,Prosecutors,1
3525,2012-04-29,Arrest,2
3526,2012-04-29,Award,2
3527,2012-04-29,Theft,1
3528,2012-04-28,Analysis,2
3529,2012-04-14,Escape,2
3530,2012-04-14,Abuse,2
3531,2012-04-08,Stop,2
3532,2012-04-07,Assault,2
3533,2012-03-31,Justice,2
3534,2012-03-31,Trafficking,1
3535,2012-03-31,Abuse,1
3536,2012-03-25,State,2
3537,2012-03-25,Unknown,2
3538,2012-03-24,Murder,2
3539,2012-03-24,Bones,2
3540,2012-03-24,Violence,2
3541,2012-03-18,Justice,2
3542,2012-03-18,Denial,2
3543,2012-03-18,Abuse,1
3544,2012-03-11,Incident,2
3545,2012-03-10,Body,1
3546,2012-03-10,Attack,2
3547,2012-02-26,Ponzi,1
3548,2012-02-26,Theft,2
3549,2012-02-25,Unknown,1
3550,2012-02-25,Unknown,2
3551,2012-02-20,Stink,1
3552,2012-02-20,Definition,2
3553,2012-02-20,Trial,1
3554,2012-02-20,Abuse.,2
3555,2012-02-19,Jury,2
3556,2012-02-19,Privat,2
3557,2012-02-19,Marriage,1
3558,2012-02-18,Death,1
3559,2012-02-12,TIMOTH,1
3560,2012-02-12,Opposition,3
3561,2012-02-11,Death,1
