Unnamed: 0,SERVICETYPE,VEHICLETYPE,DEPARTURE_COUNTRY,DEPARTURE_ZIPCODE,ARRIVAL_COUNTRY,ARRIVAL_ZIPCODE,SHIPPING_DATE,GROSS_WEIGHT_KG,NET_WEIGHT_KG,VOLUME_M3,DECLARED_DISTANCE_KM,ACTUAL_DELIVERY_DATE,DELIVERY_TIME_HH,WDAY
7,Corriere espresso,Express,IT,62010.0,US,94551,2022-11-17 00:00:14,0.58,0.28,0.0,653.1,2023-01-11 00:00:14,1320,2
8,Corriere espresso,Express,IT,62010.0,US,33154,2022-11-17 00:00:14,3.55,3.0,0.0,594.55,2023-01-11 00:00:14,1320,2
9,Corriere espresso,Express,IT,62010.0,US,89109,2022-11-17 00:00:14,0.58,0.28,0.0,652.99,2023-01-11 00:00:14,1320,2
10,Corriere espresso,Express,IT,62010.0,US,10022,2022-11-16 00:00:14,0.58,0.28,0.0,706.94,2023-01-11 00:00:14,1344,2
12,Corriere espresso,Express,IT,62010.0,US,33154,2022-11-25 00:00:14,3.0,1.8,0.0,594.55,2023-01-11 00:00:14,1128,2
262,E-commerce,Express,IT,63076.0,US,10580,2023-01-03 00:00:14,1.04,0.0,0.01,517.85,2023-01-06 00:00:14,72,1
263,E-commerce,Express,IT,63076.0,US,10016,2023-01-03 00:00:14,2.12,0.0,0.01,635.08,2023-01-06 00:00:14,72,1
264,E-commerce,Express,IT,63076.0,US,44120,2023-01-03 00:00:14,1.45,0.0,0.01,1603.48,2023-01-06 00:00:14,72,1
265,E-commerce,Express,IT,63076.0,US,8002,2023-01-03 00:00:14,2.4,0.0,0.01,303.55,2023-01-06 00:00:14,72,1
269,E-commerce,Express,IT,63076.0,US,33015,2023-01-03 00:00:14,1.35,0.0,0.01,617.47,2023-01-06 00:00:14,72,1
270,E-commerce,Express,IT,63076.0,US,8062,2023-01-03 00:00:14,1.45,0.0,0.01,501.9,2023-01-06 00:00:14,72,1
273,E-commerce,Express,IT,63076.0,US,2476,2023-01-03 00:00:14,0.35,0.0,0.01,651.05,2023-01-09 00:00:14,144,1
276,E-commerce,Express,IT,63076.0,US,37211,2023-01-03 00:00:14,1.04,0.0,0.01,866.48,2023-01-06 00:00:14,72,1
327,E-commerce,Express,IT,63076.0,US,7302,2023-01-03 00:00:14,1.42,0.0,0.01,305.73,2023-01-06 00:00:14,72,1
328,E-commerce,Express,IT,63076.0,US,35406,2023-01-03 00:00:14,2.13,0.0,0.01,514.66,2023-01-06 00:00:14,72,1
329,E-commerce,Express,IT,63076.0,US,13210,2023-01-03 00:00:14,1.57,0.0,0.01,528.29,2023-01-09 00:00:14,144,1
331,E-commerce,Express,IT,63076.0,US,10021,2023-01-03 00:00:14,1.48,0.0,0.01,292.89,2023-01-06 00:00:14,72,1
338,E-commerce,Express,IT,63076.0,US,44236,2023-01-03 00:00:14,1.86,0.0,0.01,517.99,2023-01-06 00:00:14,72,1
340,E-commerce,Express,IT,63076.0,US,95070,2023-01-03 00:00:14,1.11,0.0,0.01,524.84,2023-01-09 00:00:14,144,1
346,E-commerce,Express,IT,63076.0,US,33611,2023-01-03 00:00:14,1.17,0.0,0.01,524.84,2023-01-06 00:00:14,72,1
351,E-commerce,Express,IT,63076.0,US,76137,2023-01-03 00:00:14,1.17,0.0,0.01,1148.05,2023-01-09 00:00:14,144,1
352,E-commerce,Express,IT,63076.0,US,10573,2023-01-03 00:00:14,1.3,0.0,0.01,11818.31,2023-01-09 00:00:14,144,1
353,E-commerce,Express,IT,63076.0,US,15044,2023-01-03 00:00:14,1.4,0.0,0.01,559.45,2023-01-09 00:00:14,144,1
360,E-commerce,Express,IT,63076.0,US,48105,2023-01-03 00:00:14,1.17,0.0,0.01,2632.79,2023-01-09 00:00:14,144,1
363,E-commerce,Express,IT,63076.0,US,33129,2023-01-03 00:00:14,1.17,0.0,0.01,524.84,2023-01-09 00:00:14,144,1
392,E-commerce,Express,IT,63076.0,US,96814,2023-01-03 00:00:14,1.2,0.0,0.01,2632.79,2023-01-06 00:00:14,72,1
401,E-commerce,Express,IT,63076.0,US,90803,2023-01-03 00:00:14,1.41,0.0,0.01,2632.79,2023-01-06 00:00:14,72,1
416,E-commerce,Express,IT,63076.0,US,94597,2023-01-03 00:00:14,1.43,0.0,0.01,2632.79,2023-01-06 00:00:14,72,1
417,E-commerce,Express,IT,63076.0,US,19335,2023-01-03 00:00:14,1.44,0.0,0.01,536.58,2023-01-06 00:00:14,72,1
467,E-commerce,Express,IT,63076.0,US,34715,2023-01-03 00:00:14,1.44,0.0,0.01,518.54,2023-01-09 00:00:14,144,1
468,E-commerce,Express,IT,63076.0,US,33154,2023-01-03 00:00:14,0.88,0.0,0.01,524.84,2023-01-09 00:00:14,144,1
469,E-commerce,Express,IT,63076.0,US,11243,2023-01-03 00:00:14,1.42,0.0,0.01,516.57,2023-01-06 00:00:14,72,1
473,E-commerce,Express,IT,63076.0,US,89135,2023-01-03 00:00:14,1.4,0.0,0.01,762.47,2023-01-09 00:00:14,144,1
475,E-commerce,Express,IT,63076.0,US,75205,2023-01-03 00:00:14,1.19,0.0,0.01,1365.26,2023-01-09 00:00:14,144,1
477,E-commerce,Express,IT,63076.0,US,32837,2023-01-03 00:00:14,1.32,0.0,0.01,524.84,2023-01-09 00:00:14,144,1
479,E-commerce,Express,IT,63076.0,US,33191,2023-01-03 00:00:14,0.35,0.0,0.01,511.82,2023-01-06 00:00:14,72,1
483,E-commerce,Express,IT,63076.0,US,1983,2023-01-03 00:00:14,2.13,0.0,0.01,650.04,2023-01-06 00:00:14,72,1
484,E-commerce,Express,IT,63076.0,US,90077,2023-01-03 00:00:14,2.2,0.0,0.01,2632.79,2023-01-06 00:00:14,72,1
487,E-commerce,Express,IT,63076.0,US,77024,2023-01-03 00:00:14,1.13,0.0,0.01,248.09,2023-01-06 00:00:14,72,1
488,E-commerce,Express,IT,63076.0,US,93953,2023-01-03 00:00:14,1.3,0.0,0.01,524.84,2023-01-09 00:00:14,144,1
489,E-commerce,Express,IT,63076.0,US,94901,2023-01-03 00:00:14,1.43,0.0,0.01,1012.44,2023-01-06 00:00:14,72,1
492,E-commerce,Express,IT,63076.0,US,15044,2023-01-03 00:00:14,1.21,0.0,0.01,559.45,2023-01-09 00:00:14,144,1
575,E-commerce,Express,IT,63076.0,US,10038,2023-01-03 00:00:14,0.35,0.0,0.01,634.74,2023-01-09 00:00:14,144,1
587,E-commerce,Express,IT,63076.0,US,78577,2023-01-03 00:00:14,1.44,0.0,0.01,2632.79,2023-01-09 00:00:14,144,1
588,E-commerce,Express,IT,63076.0,US,55408,2023-01-03 00:00:14,2.34,0.0,0.01,524.84,2023-01-06 00:00:14,72,1
593,E-commerce,Express,IT,63076.0,US,91206,2023-01-03 00:00:14,1.13,0.0,0.01,2632.79,2023-01-09 00:00:14,144,1
594,E-commerce,Express,IT,63076.0,US,80125,2023-01-03 00:00:14,0.81,0.0,0.01,334.6,2023-01-09 00:00:14,144,1
595,E-commerce,Express,IT,63076.0,US,33156,2023-01-03 00:00:14,1.24,0.0,0.01,512.53,2023-01-09 00:00:14,144,1
597,E-commerce,Express,IT,63076.0,US,85251,2023-01-03 00:00:14,1.36,0.0,0.01,2632.79,2023-01-09 00:00:14,144,1
600,E-commerce,Express,IT,63076.0,US,11354,2023-01-03 00:00:14,0.85,0.0,0.01,637.56,2023-01-09 00:00:14,144,1
608,E-commerce,Express,IT,63076.0,US,90272,2023-01-03 00:00:14,1.57,0.0,0.01,603.8,2023-01-09 00:00:14,144,1
614,E-commerce,Express,IT,63076.0,US,33160,2023-01-03 00:00:14,2.1,0.0,0.01,524.84,2023-01-06 00:00:14,72,1
616,E-commerce,Express,IT,63076.0,US,33178,2023-01-03 00:00:14,1.36,0.0,0.01,511.83,2023-01-09 00:00:14,144,1
661,Corriere espresso,Documents,IT,20122.0,US,10022,2023-01-03 00:00:14,0.5,0.4,0.0,184.54,2023-01-04 13:03:14,37,1
665,E-commerce,Express,IT,63076.0,US,91733,2023-01-03 00:00:14,1.28,0.0,0.01,2632.79,2023-01-09 00:00:14,144,1
855,E-commerce,Express,IT,63076.0,US,94526,2023-01-04 00:00:14,1.3,0.0,0.01,306.39,2023-01-09 00:00:14,120,2
861,E-commerce,Express,IT,63076.0,US,78704,2023-01-04 00:00:14,2.84,0.0,0.01,211.56,2023-01-09 00:00:14,120,2
910,E-commerce,Express,IT,63076.0,US,78704,2023-01-04 00:00:14,0.81,0.0,0.01,211.56,2023-01-09 00:00:14,120,2
911,E-commerce,Express,IT,63076.0,US,10573,2023-01-04 00:00:14,1.21,0.0,0.01,11818.31,2023-01-09 00:00:14,120,2
912,E-commerce,Express,IT,63076.0,US,33160,2023-01-04 00:00:14,1.57,0.0,0.01,524.84,2023-01-09 00:00:14,120,2
913,E-commerce,Express,IT,63076.0,US,8701,2023-01-04 00:00:14,0.56,0.0,0.01,505.28,2023-01-09 00:00:14,120,2
916,E-commerce,Express,IT,63076.0,US,11020,2023-01-04 00:00:14,1.26,0.0,0.01,693.44,2023-01-09 00:00:14,120,2
917,E-commerce,Express,IT,63076.0,US,94941,2023-01-04 00:00:14,1.71,0.0,0.01,524.84,2023-01-09 00:00:14,120,2
918,E-commerce,Express,IT,63076.0,US,33132,2023-01-04 00:00:14,1.28,0.0,0.01,524.84,2023-01-09 00:00:14,120,2
940,E-commerce,Express,IT,63076.0,US,10280,2023-01-04 00:00:14,1.57,0.0,0.01,530.8,2023-01-09 00:00:14,120,2
989,E-commerce,Express,IT,63076.0,US,33180,2023-01-04 00:00:14,1.35,0.0,0.01,524.84,2023-01-09 00:00:14,120,2
1026,Corriere espresso,Express,IT,20121.0,US,7738,2023-01-04 14:18:40.157,3.0,2.0,0.02142,100.63,2023-01-10 12:51:14,142,2
1036,E-commerce,Express,IT,63076.0,US,75205,2023-01-04 00:00:14,1.35,0.0,0.01,1365.26,2023-01-09 00:00:14,120,2
1059,E-commerce,Express,IT,63076.0,US,90066,2023-01-04 00:00:14,2.44,0.0,0.01,2632.79,2023-01-09 00:00:14,120,2
1109,E-commerce,Express,IT,63076.0,US,2769,2023-01-04 00:00:14,0.61,0.0,0.01,654.38,2023-01-09 00:00:14,120,2
1130,Corriere espresso,Express,IT,63811.0,US,10022,2023-01-05 00:00:14,0.5,0.4,0.01,637.23,2023-01-06 00:00:14,24,3
1254,E-commerce,Express,IT,63076.0,US,98006,2023-01-05 00:00:14,1.92,0.0,0.01,2632.79,2023-01-13 00:00:14,192,3
1274,E-commerce,Express,IT,63076.0,US,94111,2023-01-05 00:00:14,2.04,0.0,0.01,581.21,2023-01-12 00:00:14,168,3
1293,E-commerce,Express,IT,63076.0,US,78045,2023-01-05 00:00:14,1.18,0.0,0.01,1936.38,2023-01-13 00:00:14,192,3
1332,Corriere espresso,Express,IT,63076.0,US,10022,2023-01-05 11:01:18.333,1.6,1.2,0.01728,637.23,2023-01-06 00:00:14,13,3
1337,Corriere espresso,Economy Express,IT,63076.0,US,7008,2023-01-05 11:09:09.917,5.8,5.2,0.17388,2732.77,2023-01-13 00:00:14,181,3
1348,E-commerce,Express,IT,63076.0,US,8817,2023-01-05 00:00:14,1.46,0.0,0.01,524.84,2023-01-12 00:00:14,168,3
1358,E-commerce,Express,IT,63076.0,US,6883,2023-01-05 00:00:14,1.2,0.0,0.01,568.96,2023-01-13 00:00:14,192,3
1364,Corriere espresso,Express,IT,63811.0,US,10022,2023-01-05 00:00:14,0.5,0.2,0.01,637.23,2023-01-06 00:00:14,24,3
1454,E-commerce,Express,IT,63076.0,US,27609,2023-01-05 00:00:14,0.44,0.0,0.01,516.21,2023-01-13 00:00:14,192,3
1771,E-commerce,Express,IT,63076.0,US,33418,2023-01-05 00:00:14,1.43,0.0,0.01,524.84,2023-01-13 00:00:14,192,3
1881,Corriere espresso,Express,IT,63811.0,US,10022,2023-01-09 00:00:14,4.0,3.0,0.21,637.23,2023-01-10 00:00:14,24,0
1882,Corriere espresso,Express,IT,63811.0,US,10022,2023-01-09 00:00:14,4.56,3.56,0.1,637.23,2023-01-10 00:00:14,24,0
2133,E-commerce,Express,IT,63076.0,US,83702,2023-01-07 00:00:14,1.51,0.0,0.01,542.85,2023-01-13 00:00:14,144,5
2136,E-commerce,Express,IT,63076.0,US,33131,2023-01-07 00:00:14,1.44,0.0,0.01,524.84,2023-01-13 00:00:14,144,5
2140,E-commerce,Express,IT,63076.0,US,21152,2023-01-07 00:00:14,1.21,0.0,0.01,511.41,2023-01-12 00:00:14,120,5
2141,E-commerce,Express,IT,63076.0,US,92660,2023-01-07 00:00:14,1.49,0.0,0.01,2632.79,2023-01-13 00:00:14,144,5
2152,E-commerce,Express,IT,63076.0,US,78045,2023-01-07 00:00:14,1.18,0.0,0.01,1936.38,2023-01-13 00:00:14,144,5
2158,E-commerce,Express,IT,63076.0,US,94089,2023-01-07 00:00:14,1.52,0.0,0.01,1012.44,2023-01-12 00:00:14,120,5
2191,E-commerce,Express,IT,63076.0,US,92626,2023-01-07 00:00:14,0.82,0.0,0.01,2632.79,2023-01-13 00:00:14,144,5
2193,E-commerce,Express,IT,63076.0,US,33154,2023-01-07 00:00:14,0.9,0.0,0.01,524.84,2023-01-13 00:00:14,144,5
2195,E-commerce,Express,IT,63076.0,US,6830,2023-01-07 00:00:14,1.02,0.0,0.01,568.96,2023-01-12 00:00:14,120,5
2227,E-commerce,Express,IT,63076.0,US,97201,2023-01-07 00:00:14,1.17,0.0,0.01,1012.44,2023-01-12 00:00:14,120,5
2231,E-commerce,Express,IT,63076.0,US,19085,2023-01-07 00:00:14,1.57,0.0,0.01,519.51,2023-01-12 00:00:14,120,5
2241,E-commerce,Express,IT,63076.0,US,7631,2023-01-07 00:00:14,1.3,0.0,0.01,99.2,2023-01-12 00:00:14,120,5
2248,E-commerce,Express,IT,63076.0,US,77024,2023-01-07 00:00:14,1.51,0.0,0.01,248.09,2023-01-12 00:00:14,120,5
2260,E-commerce,Express,IT,63076.0,US,33176,2023-01-07 00:00:14,1.51,0.0,0.01,524.84,2023-01-13 00:00:14,144,5
2264,E-commerce,Express,IT,63076.0,US,91770,2023-01-07 00:00:14,1.72,0.0,0.01,2632.79,2023-01-12 00:00:14,120,5
2270,E-commerce,Express,IT,63076.0,US,8701,2023-01-07 00:00:14,1.57,0.0,0.01,505.28,2023-01-12 00:00:14,120,5
2298,E-commerce,Express,IT,63076.0,US,21210,2023-01-07 00:00:14,1.3,0.0,0.01,524.84,2023-01-12 00:00:14,120,5
2301,E-commerce,Express,IT,63076.0,US,30319,2023-01-07 00:00:14,1.39,0.0,0.01,524.84,2023-01-13 00:00:14,144,5
2339,E-commerce,Express,IT,63076.0,US,10014,2023-01-07 00:00:14,1.48,0.0,0.01,631.73,2023-01-12 00:00:14,120,5
2345,E-commerce,Express,IT,63076.0,US,11568,2023-01-07 00:00:14,1.99,0.0,0.01,11818.31,2023-01-12 00:00:14,120,5
2358,E-commerce,Express,IT,63076.0,US,33496,2023-01-07 00:00:14,0.56,0.0,0.01,517.23,2023-01-13 00:00:14,144,5
2380,E-commerce,Express,IT,63076.0,US,34236,2023-01-07 00:00:14,1.51,0.0,0.01,519.61,2023-01-14 00:00:14,168,5
2388,E-commerce,Express,IT,63076.0,US,73013,2023-01-07 00:00:14,0.43,0.0,0.01,549.57,2023-01-12 00:00:14,120,5
2414,E-commerce,Express,IT,63076.0,US,33437,2023-01-07 00:00:14,0.52,0.0,0.01,518.83,2023-01-13 00:00:14,144,5
2422,E-commerce,Express,IT,63076.0,US,60614,2023-01-07 00:00:14,0.35,0.0,0.01,1682.93,2023-01-12 00:00:14,120,5
2478,E-commerce,Express,IT,63076.0,US,80210,2023-01-07 00:00:14,1.05,0.0,0.01,524.84,2023-01-12 00:00:14,120,5
2483,E-commerce,Express,IT,63076.0,US,33156,2023-01-07 00:00:14,2.5,0.0,0.01,512.53,2023-01-12 00:00:14,120,5
2486,E-commerce,Express,IT,63076.0,US,33160,2023-01-07 00:00:14,1.06,0.0,0.01,524.84,2023-01-13 00:00:14,144,5
2487,E-commerce,Express,IT,63076.0,US,11201,2023-01-07 00:00:14,1.1,0.0,0.01,11385.79,2023-01-12 00:00:14,120,5
2496,E-commerce,Express,IT,63076.0,US,7043,2023-01-07 00:00:14,1.11,0.0,0.01,317.49,2023-01-12 00:00:14,120,5
2498,E-commerce,Express,IT,63076.0,US,10014,2023-01-07 00:00:14,1.29,0.0,0.01,631.73,2023-01-12 00:00:14,120,5
2510,E-commerce,Express,IT,63076.0,US,60611,2023-01-07 00:00:14,2.0,0.0,0.01,1682.93,2023-01-12 00:00:14,120,5
2634,E-commerce,Express,IT,63076.0,US,77027,2023-01-09 00:00:14,1.27,0.0,0.01,248.26,2023-01-12 00:00:14,72,0
2635,E-commerce,Express,IT,63076.0,US,85018,2023-01-09 00:00:14,1.38,0.0,0.01,384.7,2023-01-12 00:00:14,72,0
2793,E-commerce,Express,IT,63076.0,US,92675,2023-01-09 00:00:14,1.32,0.0,0.01,2632.79,2023-01-12 00:00:14,72,0
2813,E-commerce,Express,IT,63076.0,US,13210,2023-01-09 00:00:14,0.82,0.0,0.01,528.29,2023-01-12 00:00:14,72,0
2835,E-commerce,Express,IT,63076.0,US,91501,2023-01-09 00:00:14,1.3,0.0,0.01,2632.79,2023-01-12 00:00:14,72,0
2843,E-commerce,Express,IT,63076.0,US,85621,2023-01-09 00:00:14,1.14,0.0,0.01,1682.93,2023-01-12 00:00:14,72,0
2844,Corriere espresso,Express,IT,63811.0,US,10022,2023-01-09 10:05:56.543,9.08,4.48,0.39,637.23,2023-01-10 00:00:14,14,0
2867,E-commerce,Express,IT,63076.0,US,80516,2023-01-09 00:00:14,1.46,0.0,0.01,524.84,2023-01-12 00:00:14,72,0
2876,E-commerce,Express,IT,63076.0,US,77082,2023-01-09 00:00:14,1.43,0.0,0.01,244.59,2023-01-12 00:00:14,72,0
2881,E-commerce,Express,IT,63076.0,US,10580,2023-01-09 00:00:14,0.94,0.0,0.01,517.85,2023-01-12 00:00:14,72,0
2884,E-commerce,Express,IT,63076.0,US,33149,2023-01-09 00:00:14,1.81,0.0,0.01,513.41,2023-01-12 00:00:14,72,0
2889,E-commerce,Express,IT,63076.0,US,16648,2023-01-09 00:00:14,1.04,0.0,0.01,519.47,2023-01-12 00:00:14,72,0
2890,E-commerce,Express,IT,63076.0,US,96822,2023-01-09 00:00:14,0.35,0.0,0.01,2632.79,2023-01-12 00:00:14,72,0
2899,E-commerce,Express,IT,63076.0,US,91403,2023-01-09 00:00:14,1.65,0.0,0.01,2632.79,2023-01-12 00:00:14,72,0
2900,E-commerce,Express,IT,63076.0,US,11423,2023-01-09 00:00:14,1.42,0.0,0.01,637.86,2023-01-12 00:00:14,72,0
2922,E-commerce,Express,IT,63076.0,US,8817,2023-01-09 00:00:14,2.22,0.0,0.01,524.84,2023-01-12 00:00:14,72,0
2929,E-commerce,Express,IT,63076.0,US,19085,2023-01-09 00:00:14,0.79,0.0,0.01,519.51,2023-01-12 00:00:14,72,0
2932,E-commerce,Express,IT,63076.0,US,77005,2023-01-09 00:00:14,1.27,0.0,0.01,247.09,2023-01-12 00:00:14,72,0
2953,E-commerce,Express,IT,63076.0,US,2655,2023-01-09 00:00:14,1.63,0.0,0.01,605.46,2023-01-12 00:00:14,72,0
2957,E-commerce,Express,IT,63076.0,US,10065,2023-01-09 00:00:14,1.09,0.0,0.01,672.75,2023-01-12 00:00:14,72,0
2959,E-commerce,Express,IT,63076.0,US,11205,2023-01-09 00:00:14,1.17,0.0,0.01,515.98,2023-01-12 00:00:14,72,0
2964,E-commerce,Express,IT,63076.0,US,19121,2023-01-09 00:00:14,1.26,0.0,0.01,516.29,2023-01-12 00:00:14,72,0
2984,E-commerce,Express,IT,63076.0,US,41048,2023-01-09 00:00:14,0.89,0.0,0.01,374.94,2023-01-12 00:00:14,72,0
2985,E-commerce,Express,IT,63076.0,US,11577,2023-01-09 00:00:14,1.12,0.0,0.01,633.12,2023-01-12 00:00:14,72,0
3031,E-commerce,Express,IT,63076.0,US,34231,2023-01-09 00:00:14,1.21,0.0,0.01,524.84,2023-01-12 00:00:14,72,0
3037,E-commerce,Express,IT,63076.0,US,85253,2023-01-09 00:00:14,0.66,0.0,0.01,524.84,2023-01-12 00:00:14,72,0
3043,E-commerce,Express,IT,63076.0,US,20817,2023-01-09 00:00:14,1.38,0.0,0.01,524.84,2023-01-12 00:00:14,72,0
3051,E-commerce,Express,IT,63076.0,US,2492,2023-01-09 00:00:14,2.03,0.0,0.01,1012.44,2023-01-12 00:00:14,72,0
3057,E-commerce,Express,IT,63076.0,US,94608,2023-01-09 00:00:14,1.45,0.0,0.01,524.84,2023-01-13 00:00:14,96,0
3073,Corriere espresso,Express,IT,62010.0,US,10022,2023-01-09 00:00:14,10.0,9.0,0.0,706.94,2023-01-10 00:00:14,24,0
3085,E-commerce,Express,IT,63076.0,US,10025,2023-01-09 00:00:14,1.57,0.0,0.01,620.44,2023-01-12 00:00:14,72,0
3092,E-commerce,Express,IT,63076.0,US,11413,2023-01-09 00:00:14,2.2,0.0,0.01,513.04,2023-01-12 00:00:14,72,0
3095,Corriere espresso,Express,IT,62010.0,US,90210,2023-01-09 00:00:14,11.0,10.0,0.0,2702.5,2023-01-11 00:00:14,48,0
3112,Corriere espresso,Economy Express,IT,63076.0,US,89109,2023-01-09 12:39:54.603,13.02,11.81,0.11,583.27,2023-01-17 00:00:14,180,0
3113,Corriere espresso,Economy Express,IT,63076.0,US,92626,2023-01-09 12:40:09.09,0.54,0.44,0.02,2632.79,2023-01-17 00:00:14,180,0
3114,Corriere espresso,Economy Express,IT,63076.0,US,96814,2023-01-09 12:40:27.05,3.14,2.36,0.08,2632.79,2023-01-17 00:00:14,180,0
3115,Corriere espresso,Economy Express,IT,63076.0,US,96814,2023-01-09 12:40:47.313,1.57,1.2,0.02,2632.79,2023-01-17 00:00:14,180,0
3116,Corriere espresso,Economy Express,IT,63076.0,US,90210,2023-01-09 12:41:06.15,51.38,35.28,1.58,2632.79,2023-01-16 00:00:14,156,0
3117,Corriere espresso,Economy Express,IT,63076.0,US,90210,2023-01-09 12:41:26.94,1.57,1.2,0.02,2632.79,2023-01-16 00:00:14,156,0
3133,Corriere espresso,Economy Express,IT,63076.0,US,7430,2023-01-09 15:45:14,1.1,0.8,0.02,522.32,2023-01-16 00:00:14,153,0
3134,Corriere espresso,Economy Express,IT,63076.0,US,7430,2023-01-09 15:45:14,11.86,10.66,0.11,522.32,2023-01-16 00:00:14,153,0
3135,Corriere espresso,Economy Express,IT,63076.0,US,7430,2023-01-09 15:45:14,0.78,0.58,0.01,522.32,2023-01-16 00:00:14,153,0
3150,Corriere espresso,Express,IT,62010.0,US,92626,2023-01-09 00:00:14,5.01,4.0,0.0,2702.5,2023-01-11 00:00:14,48,0
3172,E-commerce,Express,IT,63076.0,US,19804,2023-01-09 00:00:14,1.16,0.0,0.01,519.37,2023-01-12 00:00:14,72,0
3174,E-commerce,Express,IT,63076.0,US,19804,2023-01-09 00:00:14,1.16,0.0,0.01,519.37,2023-01-12 00:00:14,72,0
3439,E-commerce,Express,IT,63076.0,US,19804,2023-01-09 00:00:14,1.16,0.0,0.01,519.37,2023-01-12 00:00:14,72,0
3443,E-commerce,Express,IT,63076.0,US,19804,2023-01-09 00:00:14,1.16,0.0,0.01,519.37,2023-01-12 00:00:14,72,0
3576,E-commerce,Express,IT,63076.0,US,38261,2023-01-09 00:00:14,0.21,0.0,0.01,521.92,2023-01-13 00:00:14,96,0
3728,E-commerce,Express,IT,63076.0,US,85251,2023-01-10 00:00:14,2.13,0.0,0.01,2632.79,2023-01-13 00:00:14,72,1
3741,E-commerce,Express,IT,63076.0,US,97201,2023-01-10 00:00:14,0.66,0.0,0.01,1012.44,2023-01-13 00:00:14,72,1
3751,E-commerce,Express,IT,63076.0,US,11204,2023-01-10 00:00:14,0.91,0.0,0.01,515.67,2023-01-13 00:00:14,72,1
3800,E-commerce,Express,IT,63076.0,US,97086,2023-01-10 00:00:14,1.16,0.0,0.01,2632.79,2023-01-13 00:00:14,72,1
3822,E-commerce,Express,IT,63076.0,US,6883,2023-01-10 00:00:14,1.2,0.0,0.01,568.96,2023-01-13 00:00:14,72,1
3918,E-commerce,Express,IT,63076.0,US,60611,2023-01-10 00:00:14,1.41,0.0,0.01,1682.93,2023-01-13 00:00:14,72,1
3950,E-commerce,Express,IT,63076.0,US,95207,2023-01-10 00:00:14,1.04,0.0,0.01,1936.38,2023-01-13 00:00:14,72,1
3971,E-commerce,Express,IT,63076.0,US,33135,2023-01-10 00:00:14,5.32,0.0,0.01,524.84,2023-01-13 00:00:14,72,1
3983,E-commerce,Express,IT,63076.0,US,27609,2023-01-10 00:00:14,0.35,0.0,0.01,516.21,2023-01-16 00:00:14,144,1
4013,E-commerce,Express,IT,63076.0,US,10016,2023-01-10 00:00:14,1.61,0.0,0.01,635.08,2023-01-13 00:00:14,72,1
4018,E-commerce,Express,IT,63076.0,US,79705,2023-01-10 00:00:14,1.37,0.0,0.01,2632.79,2023-01-16 00:00:14,144,1
4187,E-commerce,Express,IT,63076.0,US,11223,2023-01-10 00:00:14,2.08,0.0,0.01,524.84,2023-01-13 00:00:14,72,1
4190,E-commerce,Express,IT,63076.0,US,90046,2023-01-10 00:00:14,1.16,0.0,0.01,1012.25,2023-01-13 00:00:14,72,1
4265,E-commerce,Express,IT,63076.0,US,90046,2023-01-10 00:00:14,1.23,0.0,0.01,1012.25,2023-01-13 00:00:14,72,1
4298,E-commerce,Express,IT,63076.0,US,15044,2023-01-10 00:00:14,2.27,0.0,0.01,559.45,2023-01-13 00:00:14,72,1
4458,E-commerce,Express,IT,63076.0,US,19086,2023-01-10 00:00:14,0.56,0.0,0.01,519.61,2023-01-14 00:00:14,96,1
4571,Corriere espresso,Economy Express,IT,63076.0,US,96814,2023-01-11 08:04:32.943,5.6,5.2,0.048825,2632.79,2023-01-18 00:00:14,160,2
4572,Corriere espresso,Economy Express,IT,63076.0,US,89109,2023-01-11 08:05:02.687,3.7,3.3,0.019448,583.27,2023-01-18 00:00:14,160,2
4573,Corriere espresso,Economy Express,IT,63076.0,US,90210,2023-01-11 08:05:27.667,4.2,3.8,0.048825,2632.79,2023-01-18 00:00:14,160,2
4574,Corriere espresso,Economy Express,IT,63076.0,US,92626,2023-01-11 08:05:47.137,9.2,8.8,0.048825,2632.79,2023-01-18 00:00:14,160,2
4575,Corriere espresso,Economy Express,IT,63076.0,US,7008,2023-01-11 08:06:08.733,6.9,6.5,0.048825,2732.77,2023-01-18 00:00:14,160,2
4576,Corriere espresso,Economy Express,IT,63076.0,US,10022,2023-01-11 08:06:38.69,13.4,13.0,0.080325,637.23,2023-01-18 00:00:14,160,2
4577,Corriere espresso,Economy Express,IT,63076.0,US,7601,2023-01-11 00:00:14,3.5,3.1,0.048825,524.01,2023-01-18 00:00:14,168,2
4578,Corriere espresso,Economy Express,IT,63076.0,US,2116,2023-01-11 00:00:14,3.9,3.5,0.048825,604.42,2023-01-18 00:00:14,168,2
4579,Corriere espresso,Economy Express,IT,63076.0,US,75225,2023-01-11 00:00:14,3.9,3.5,0.048825,219.4,2023-01-18 00:00:14,168,2
4580,Corriere espresso,Economy Express,IT,63076.0,US,33154,2023-01-11 00:00:14,3.4,3.0,0.019448,524.84,2023-01-18 00:00:14,168,2
4581,Corriere espresso,Economy Express,IT,63076.0,US,77056,2023-01-11 00:00:14,2.4,2.0,0.019448,247.29,2023-01-18 00:00:14,168,2
4582,Corriere espresso,Economy Express,IT,63076.0,US,60611,2023-01-11 00:00:14,3.7,3.3,0.019448,1682.93,2023-01-18 00:00:14,168,2
4583,Corriere espresso,Economy Express,IT,63076.0,US,98004,2023-01-11 00:00:14,2.4,2.0,0.019448,1012.44,2023-01-18 00:00:14,168,2
4584,Corriere espresso,Economy Express,IT,63076.0,US,10001,2023-01-11 00:00:14,2.6,2.2,0.019448,11818.31,2023-01-18 00:00:14,168,2
4668,E-commerce,Express,IT,63076.0,US,7024,2023-01-11 00:00:14,0.94,0.0,0.01,1012.44,2023-01-16 00:00:14,120,2
4714,E-commerce,Express,IT,63076.0,US,10019,2023-01-11 00:00:14,2.32,0.0,0.01,633.52,2023-01-17 00:00:14,144,2
4749,Corriere espresso,Express,IT,62010.0,US,77056,2023-01-11 00:00:14,11.4,10.3,0.0,246.45,2023-01-13 00:00:14,48,2
4751,E-commerce,Express,IT,63076.0,US,92345,2023-01-11 00:00:14,0.66,0.0,0.01,2632.79,2023-01-18 00:00:14,168,2
4772,E-commerce,Express,IT,63076.0,US,33483,2023-01-11 00:00:14,0.35,0.0,0.01,517.76,2023-01-16 00:00:14,120,2
4789,Corriere espresso,Economy Express,IT,62010.0,US,92626,2023-01-11 00:00:14,81.95,76.09,0.0,2702.5,2023-01-18 00:00:14,168,2
4798,E-commerce,Express,IT,63076.0,US,60106,2023-01-11 00:00:14,0.85,0.0,0.01,1682.93,2023-01-16 00:00:14,120,2
4804,E-commerce,Express,IT,63076.0,US,90405,2023-01-11 00:00:14,0.95,0.0,0.01,2632.79,2023-01-16 00:00:14,120,2
4809,E-commerce,Express,IT,63076.0,US,30305,2023-01-11 00:00:14,0.75,0.0,0.01,524.84,2023-01-16 00:00:14,120,2
4891,E-commerce,Express,IT,63076.0,US,11020,2023-01-11 00:00:14,1.03,0.0,0.01,693.44,2023-01-16 00:00:14,120,2
4893,E-commerce,Express,IT,63076.0,US,95051,2023-01-11 00:00:14,1.39,0.0,0.01,524.84,2023-01-16 00:00:14,120,2
4894,E-commerce,Express,IT,63076.0,US,30342,2023-01-11 00:00:14,1.42,0.0,0.01,11818.31,2023-01-16 00:00:14,120,2
4920,E-commerce,Express,IT,63076.0,US,11209,2023-01-11 00:00:14,1.57,0.0,0.01,516.23,2023-01-16 00:00:14,120,2
4930,E-commerce,Express,IT,63076.0,US,55410,2023-01-11 00:00:14,3.12,0.0,0.01,524.84,2023-01-16 00:00:14,120,2
4943,E-commerce,Express,IT,63076.0,US,33131,2023-01-11 00:00:14,1.27,0.0,0.01,524.84,2023-01-16 00:00:14,120,2
4994,E-commerce,Express,IT,63076.0,US,33139,2023-01-11 00:00:14,1.56,0.0,0.01,524.84,2023-01-16 00:00:14,120,2
5000,E-commerce,Express,IT,63076.0,US,33484,2023-01-11 00:00:14,1.2,0.0,0.01,524.84,2023-01-16 00:00:14,120,2
5009,E-commerce,Express,IT,63076.0,US,30318,2023-01-11 00:00:14,1.45,0.0,0.01,524.84,2023-01-16 00:00:14,120,2
5011,E-commerce,Express,IT,63076.0,US,33131,2023-01-11 00:00:14,1.47,0.0,0.01,524.84,2023-01-16 00:00:14,120,2
5069,E-commerce,Express,IT,63076.0,US,92870,2023-01-11 00:00:14,1.19,0.0,0.01,2632.79,2023-01-16 00:00:14,120,2
5163,E-commerce,Express,IT,63076.0,US,91326,2023-01-11 00:00:14,1.33,0.0,0.01,2632.79,2023-01-16 00:00:14,120,2
5385,Corriere espresso,Economy Express,IT,62010.0,US,10022,2023-01-12 00:00:14,11.6,10.0,0.0,706.94,2023-01-24 00:00:14,288,3
5386,Corriere espresso,Economy Express,IT,62010.0,US,89109,2023-01-12 00:00:14,11.6,10.0,0.0,652.99,2023-01-24 00:00:14,288,3
5387,Corriere espresso,Economy Express,IT,62010.0,US,33154,2023-01-12 00:00:14,11.6,10.0,0.0,594.55,2023-01-24 00:00:14,288,3
5388,Corriere espresso,Economy Express,IT,62010.0,US,90210,2023-01-12 00:00:14,11.6,10.0,0.0,2702.5,2023-01-25 00:00:14,312,3
5389,Corriere espresso,Economy Express,IT,62010.0,US,92626,2023-01-12 00:00:14,5.7,4.5,0.0,2702.5,2023-01-25 00:00:14,312,3
5390,Corriere espresso,Economy Express,IT,62010.0,US,60611,2023-01-12 00:00:14,11.6,10.0,0.0,1752.64,2023-01-23 00:00:14,264,3
5393,Corriere espresso,Economy Express,IT,62010.0,US,75225,2023-01-12 00:00:14,11.6,10.0,0.0,218.56,2023-01-24 00:00:14,288,3
5407,Corriere espresso,Economy Express,IT,62010.0,US,7601,2023-01-12 00:00:14,7.6,6.6,0.0,593.72,2023-01-25 00:00:14,312,3
5418,Corriere espresso,Economy Express,IT,62010.0,US,2116,2023-01-12 00:00:14,11.6,10.0,0.0,674.13,2023-01-25 00:00:14,312,3
5486,E-commerce,Express,IT,63076.0,US,2554,2023-01-12 00:00:14,1.07,0.0,0.01,429.44,2023-01-16 00:00:14,96,3
5498,E-commerce,Express,IT,63076.0,US,7755,2023-01-12 00:00:14,1.17,0.0,0.01,512.75,2023-01-17 00:00:14,120,3
5537,E-commerce,Express,IT,63076.0,US,11432,2023-01-12 00:00:14,1.53,0.0,0.01,512.94,2023-01-17 00:00:14,120,3
5541,E-commerce,Express,IT,63076.0,US,32082,2023-01-12 00:00:14,0.8,0.0,0.01,11818.31,2023-01-17 00:00:14,120,3
5576,E-commerce,Express,IT,63076.0,US,10023,2023-01-12 00:00:14,1.44,0.0,0.01,615.44,2023-01-16 00:00:14,96,3
5591,E-commerce,Express,IT,63076.0,US,11201,2023-01-12 00:00:14,0.35,0.0,0.01,11385.79,2023-01-17 00:00:14,120,3
5599,E-commerce,Express,IT,63076.0,US,28203,2023-01-12 00:00:14,1.48,0.0,0.01,524.84,2023-01-18 00:00:14,144,3
5617,E-commerce,Express,IT,63076.0,US,46204,2023-01-12 00:00:14,1.57,0.0,0.01,524.84,2023-01-17 00:00:14,120,3
5618,E-commerce,Express,IT,63076.0,US,11753,2023-01-12 00:00:14,1.69,0.0,0.01,513.1,2023-01-17 00:00:14,120,3
5623,E-commerce,Express,IT,63076.0,US,78045,2023-01-12 00:00:14,1.49,0.0,0.01,1936.38,2023-01-17 00:00:14,120,3
5626,E-commerce,Express,IT,63076.0,US,21093,2023-01-12 00:00:14,1.39,0.0,0.01,631.62,2023-01-16 00:00:14,96,3
5627,E-commerce,Express,IT,63076.0,US,10019,2023-01-12 00:00:14,1.14,0.0,0.01,633.52,2023-01-17 00:00:14,120,3
5628,E-commerce,Express,IT,63076.0,US,48304,2023-01-12 00:00:14,1.56,0.0,0.01,523.74,2023-01-17 00:00:14,120,3
5629,E-commerce,Express,IT,63076.0,US,90041,2023-01-12 00:00:14,0.71,0.0,0.01,1049.71,2023-01-17 00:00:14,120,3
5631,E-commerce,Express,IT,63076.0,US,90046,2023-01-12 00:00:14,1.38,0.0,0.01,1012.25,2023-01-17 00:00:14,120,3
5643,E-commerce,Express,IT,63076.0,US,2210,2023-01-12 00:00:14,1.4,0.0,0.01,634.51,2023-01-17 00:00:14,120,3
5649,E-commerce,Express,IT,63076.0,US,10028,2023-01-12 00:00:14,2.26,0.0,0.01,619.77,2023-01-17 00:00:14,120,3
5651,Corriere espresso,Economy Express,IT,63076.0,US,89109,2023-01-12 12:16:44.04,2.9,2.2,0.04,583.27,2023-01-25 00:00:14,300,3
5665,Corriere espresso,Economy Express,IT,63076.0,US,90210,2023-01-12 13:03:28.627,11.2,6.98,0.36,2632.79,2023-01-24 00:00:14,275,3
5669,Corriere espresso,Economy Express,IT,63076.0,US,92626,2023-01-12 13:10:24.59,2.54,2.14,0.04,2632.79,2023-01-24 00:00:14,275,3
5670,E-commerce,Express,IT,63076.0,US,7724,2023-01-12 00:00:14,2.58,0.0,0.01,524.84,2023-01-16 00:00:14,96,3
5677,Corriere espresso,Economy Express,IT,63076.0,US,92626,2023-01-12 13:18:01.127,2.48,1.9,0.04,2632.79,2023-01-25 00:00:14,299,3
5678,Corriere espresso,Economy Express,IT,63076.0,US,96814,2023-01-12 13:23:41.393,2.48,2.08,0.03,2632.79,2023-01-24 00:00:14,275,3
5696,E-commerce,Express,IT,63076.0,US,10019,2023-01-12 00:00:14,2.43,0.0,0.01,633.52,2023-01-17 00:00:14,120,3
5835,Corriere espresso,Express,IT,63811.0,US,10022,2023-01-12 00:00:14,7.02,3.9,0.23,637.23,2023-01-13 00:00:14,24,3
5837,Corriere espresso,Express,IT,63811.0,US,10022,2023-01-12 00:00:14,0.7,0.6,0.01,637.23,2023-01-13 00:00:14,24,3
5883,E-commerce,Express,IT,63076.0,US,20005,2023-01-12 00:00:14,0.45,0.0,0.01,538.17,2023-01-18 00:00:14,144,3
6096,E-commerce,Express,IT,63076.0,US,60637,2023-01-13 00:00:14,1.17,0.0,0.01,1682.93,2023-01-18 00:00:14,120,4
6123,E-commerce,Express,IT,63076.0,US,60614,2023-01-13 00:00:14,0.35,0.0,0.01,1682.93,2023-01-18 00:00:14,120,4
6127,E-commerce,Express,IT,63076.0,US,78660,2023-01-13 00:00:14,0.87,0.0,0.01,230.2,2023-01-18 00:00:14,120,4
6153,E-commerce,Express,IT,63076.0,US,23452,2023-01-13 00:00:14,0.83,0.0,0.01,511.2,2023-01-18 00:00:14,120,4
6177,E-commerce,Express,IT,63076.0,US,75225,2023-01-13 00:00:14,1.44,0.0,0.01,219.4,2023-01-18 00:00:14,120,4
6178,E-commerce,Express,IT,63076.0,US,33139,2023-01-13 00:00:14,1.3,0.0,0.01,524.84,2023-01-18 00:00:14,120,4
6183,E-commerce,Express,IT,63076.0,US,60043,2023-01-13 00:00:14,2.8,0.0,0.01,134.36,2023-01-18 00:00:14,120,4
6191,E-commerce,Express,IT,63076.0,US,16801,2023-01-13 00:00:14,1.3,0.0,0.01,527.07,2023-01-18 00:00:14,120,4
6204,E-commerce,Express,IT,63076.0,US,10028,2023-01-13 00:00:14,1.48,0.0,0.01,619.77,2023-01-18 00:00:14,120,4
6213,E-commerce,Express,IT,63076.0,US,2459,2023-01-13 00:00:14,1.2,0.0,0.01,630.48,2023-01-18 00:00:14,120,4
6238,E-commerce,Express,IT,63076.0,US,33908,2023-01-13 00:00:14,1.49,0.0,0.01,524.84,2023-01-18 00:00:14,120,4
6251,Corriere espresso,Express,IT,50123.0,US,91350,2023-01-13 13:01:16.5,2.5,0.0,0.04,1162.73,2023-01-16 15:11:14,74,4
6258,E-commerce,Express,IT,63076.0,US,91761,2023-01-13 00:00:14,1.38,0.0,0.01,2632.79,2023-01-18 00:00:14,120,4
6284,E-commerce,Express,IT,63076.0,US,91006,2023-01-13 00:00:14,1.3,0.0,0.01,2632.79,2023-01-18 00:00:14,120,4
6364,Corriere espresso,Express,IT,20144.0,US,90046,2023-01-13 15:25:48.637,3.3,2.8,0.0,1488.4,2023-01-16 11:43:14,68,4
6656,E-commerce,Express,IT,63076.0,US,30040,2023-01-16 00:00:14,1.3,0.0,0.01,524.84,2023-01-19 00:00:14,72,0
6754,E-commerce,Express,IT,63076.0,US,33154,2023-01-16 00:00:14,1.17,0.0,0.01,524.84,2023-01-19 00:00:14,72,0
6832,E-commerce,Express,IT,63076.0,US,60035,2023-01-16 00:00:14,1.06,0.0,0.01,119.46,2023-01-19 00:00:14,72,0
6833,E-commerce,Express,IT,63076.0,US,48105,2023-01-16 00:00:14,1.17,0.0,0.01,2632.79,2023-01-19 00:00:14,72,0
6839,E-commerce,Express,IT,63076.0,US,34990,2023-01-16 00:00:14,1.17,0.0,0.01,516.18,2023-01-19 00:00:14,72,0
6875,E-commerce,Express,IT,63076.0,US,76248,2023-01-16 00:00:14,1.07,0.0,0.01,212.36,2023-01-19 00:00:14,72,0
6884,E-commerce,Express,IT,63076.0,US,33149,2023-01-16 00:00:14,1.3,0.0,0.01,513.41,2023-01-19 00:00:14,72,0
6909,E-commerce,Express,IT,63076.0,US,66205,2023-01-16 00:00:14,2.52,0.0,0.01,581.86,2023-01-19 00:00:14,72,0
6910,E-commerce,Express,IT,63076.0,US,33156,2023-01-16 00:00:14,1.49,0.0,0.01,512.53,2023-01-19 00:00:14,72,0
6912,E-commerce,Express,IT,63076.0,US,93940,2023-01-16 00:00:14,2.52,0.0,0.01,524.84,2023-01-19 00:00:14,72,0
6923,E-commerce,Express,IT,63076.0,US,89052,2023-01-16 00:00:14,1.3,0.0,0.01,726.02,2023-01-19 00:00:14,72,0
6944,E-commerce,Express,IT,63076.0,US,85234,2023-01-16 00:00:14,1.3,0.0,0.01,524.84,2023-01-19 00:00:14,72,0
6987,E-commerce,Express,IT,63076.0,US,92626,2023-01-16 00:00:14,1.62,0.0,0.01,2632.79,2023-01-19 00:00:14,72,0
6999,E-commerce,Express,IT,63076.0,US,33131,2023-01-16 00:00:14,2.3,0.0,0.01,524.84,2023-01-19 00:00:14,72,0
7015,E-commerce,Express,IT,63076.0,US,10128,2023-01-16 00:00:14,1.3,0.0,0.01,633.51,2023-01-19 00:00:14,72,0
7029,E-commerce,Express,IT,63076.0,US,10027,2023-01-16 00:00:14,1.25,0.0,0.01,524.24,2023-01-19 00:00:14,72,0
7034,E-commerce,Express,IT,63076.0,US,94304,2023-01-16 00:00:14,1.42,0.0,0.01,524.84,2023-01-19 00:00:14,72,0
7035,E-commerce,Express,IT,63076.0,US,91307,2023-01-16 00:00:14,0.89,0.0,0.01,2632.79,2023-01-19 00:00:14,72,0
7042,E-commerce,Express,IT,63076.0,US,10024,2023-01-16 00:00:14,1.51,0.0,0.01,625.61,2023-01-19 00:00:14,72,0
7044,E-commerce,Express,IT,63076.0,US,78701,2023-01-16 00:00:14,1.11,0.0,0.01,248.56,2023-01-19 00:00:14,72,0
7048,E-commerce,Express,IT,63076.0,US,78703,2023-01-16 00:00:14,0.35,0.0,0.01,227.5,2023-01-19 00:00:14,72,0
7049,E-commerce,Express,IT,63076.0,US,91311,2023-01-16 00:00:14,1.32,0.0,0.01,2632.79,2023-01-19 00:00:14,72,0
7050,E-commerce,Express,IT,63076.0,US,30096,2023-01-16 00:00:14,0.82,0.0,0.01,517.45,2023-01-19 00:00:14,72,0
7052,E-commerce,Express,IT,63076.0,US,27603,2023-01-16 00:00:14,1.57,0.0,0.01,521.54,2023-01-19 00:00:14,72,0
7056,E-commerce,Express,IT,63076.0,US,81624,2023-01-16 00:00:14,0.54,0.0,0.01,524.84,2023-01-19 00:00:14,72,0
7057,E-commerce,Express,IT,63076.0,US,45324,2023-01-16 00:00:14,1.3,0.0,0.01,524.84,2023-01-19 00:00:14,72,0
7083,Corriere espresso,Economy Express,IT,63076.0,US,89109,2023-01-16 13:09:18.063,3.32,2.13,0.13,583.27,2023-01-26 00:00:14,227,0
7084,Corriere espresso,Economy Express,IT,63076.0,US,90210,2023-01-16 13:13:27.853,8.4,6.91,0.17,2632.79,2023-01-26 00:00:14,227,0
7087,E-commerce,Express,IT,63076.0,US,97201,2023-01-16 00:00:14,1.17,0.0,0.01,1012.44,2023-01-19 00:00:14,72,0
7092,E-commerce,Express,IT,63076.0,US,33131,2023-01-16 00:00:14,1.14,0.0,0.01,524.84,2023-01-19 00:00:14,72,0
7104,E-commerce,Express,IT,63076.0,US,33606,2023-01-16 00:00:14,1.3,0.0,0.01,545.49,2023-01-19 00:00:14,72,0
7107,E-commerce,Express,IT,63076.0,US,77024,2023-01-16 00:00:14,1.29,0.0,0.01,248.09,2023-01-19 00:00:14,72,0
7112,E-commerce,Express,IT,63076.0,US,20007,2023-01-16 00:00:14,1.61,0.0,0.01,532.83,2023-01-19 00:00:14,72,0
7113,E-commerce,Express,IT,63076.0,US,20815,2023-01-16 00:00:14,1.21,0.0,0.01,547.31,2023-01-19 00:00:14,72,0
7119,E-commerce,Express,IT,63076.0,US,91405,2023-01-16 00:00:14,0.91,0.0,0.01,1365.26,2023-01-19 00:00:14,72,0
7135,E-commerce,Express,IT,63076.0,US,60611,2023-01-16 00:00:14,1.41,0.0,0.01,1682.93,2023-01-19 00:00:14,72,0
7145,E-commerce,Express,IT,63076.0,US,92620,2023-01-16 00:00:14,1.49,0.0,0.01,2632.79,2023-01-19 00:00:14,72,0
7275,E-commerce,Express,IT,63076.0,US,90077,2023-01-16 00:00:14,2.09,0.0,0.01,2632.79,2023-01-19 00:00:14,72,0
7282,E-commerce,Express,IT,63076.0,US,10306,2023-01-16 00:00:14,1.39,0.0,0.01,599.33,2023-01-19 00:00:14,72,0
7286,E-commerce,Express,IT,63076.0,US,33178,2023-01-16 00:00:14,2.61,0.0,0.01,511.83,2023-01-19 00:00:14,72,0
7317,E-commerce,Express,IT,63076.0,US,90272,2023-01-16 00:00:14,2.71,0.0,0.01,603.8,2023-01-19 00:00:14,72,0
7418,E-commerce,Express,IT,63076.0,US,75024,2023-01-16 00:00:14,1.61,0.0,0.01,424.44,2023-01-19 00:00:14,72,0
7468,Corriere espresso,Express,IT,63811.0,US,10022,2023-01-17 00:00:14,6.0,5.0,0.21,637.23,2023-01-18 00:00:14,24,1
7644,Corriere espresso,Economy Express,IT,63076.0,US,7430,2023-01-17 07:45:08.09,11.3,9.05,0.32,522.32,2023-01-26 00:00:14,209,1
7743,E-commerce,Express,IT,63076.0,US,70420,2023-01-17 00:00:14,1.48,0.0,0.01,214.2,2023-01-20 00:00:14,72,1
7777,E-commerce,Express,IT,63076.0,US,60657,2023-01-17 00:00:14,1.2,0.0,0.01,2632.79,2023-01-23 00:00:14,144,1
7782,E-commerce,Express,IT,63076.0,US,7302,2023-01-17 00:00:14,1.86,0.0,0.01,305.73,2023-01-20 00:00:14,72,1
7788,Corriere espresso,Express,IT,50065.0,US,10022,2023-01-17 10:21:28.553,1.3,1.0,0.0051,380.63,2023-01-18 00:00:14,14,1
7789,Corriere espresso,Express,IT,50065.0,US,10022,2023-01-17 10:33:38.54,0.4,0.2,0.01,380.63,2023-01-18 00:00:14,14,1
7797,E-commerce,Express,IT,63076.0,US,33156,2023-01-17 00:00:14,1.49,0.0,0.01,512.53,2023-01-20 00:00:14,72,1
7811,E-commerce,Express,IT,63076.0,US,61820,2023-01-17 00:00:14,1.3,0.0,0.01,1682.93,2023-01-20 00:00:14,72,1
7848,E-commerce,Express,IT,63076.0,US,27609,2023-01-17 00:00:14,1.3,0.0,0.01,516.21,2023-01-20 00:00:14,72,1
7926,E-commerce,Express,IT,63076.0,US,2116,2023-01-17 00:00:14,1.17,0.0,0.01,604.42,2023-01-20 00:00:14,72,1
7931,E-commerce,Express,IT,63076.0,US,80303,2023-01-17 00:00:14,1.51,0.0,0.01,1682.93,2023-01-20 00:00:14,72,1
7942,E-commerce,Express,IT,63076.0,US,33405,2023-01-17 00:00:14,1.31,0.0,0.01,524.84,2023-01-20 00:00:14,72,1
7945,E-commerce,Express,IT,63076.0,US,48439,2023-01-17 00:00:14,0.35,0.0,0.01,2632.79,2023-01-20 00:00:14,72,1
7949,E-commerce,Express,IT,63076.0,US,96720,2023-01-17 00:00:14,1.01,0.0,0.01,2632.79,2023-01-24 00:00:14,168,1
7950,E-commerce,Express,IT,63076.0,US,33908,2023-01-17 00:00:14,1.51,0.0,0.01,524.84,2023-01-20 00:00:14,72,1
7955,E-commerce,Express,IT,63076.0,US,6897,2023-01-17 00:00:14,1.02,0.0,0.01,516.51,2023-01-20 00:00:14,72,1
7956,E-commerce,Express,IT,63076.0,US,33908,2023-01-17 00:00:14,1.23,0.0,0.01,524.84,2023-01-20 00:00:14,72,1
7973,E-commerce,Express,IT,63076.0,US,94566,2023-01-17 00:00:14,0.84,0.0,0.01,314.69,2023-01-20 00:00:14,72,1
7974,E-commerce,Express,IT,63076.0,US,85016,2023-01-17 00:00:14,1.19,0.0,0.01,355.84,2023-01-20 00:00:14,72,1
8080,E-commerce,Express,IT,63076.0,US,95125,2023-01-17 00:00:14,1.44,0.0,0.01,867.05,2023-01-20 00:00:14,72,1
8085,E-commerce,Express,IT,63076.0,US,94568,2023-01-17 00:00:14,1.69,0.0,0.01,524.84,2023-01-20 00:00:14,72,1
8206,E-commerce,Express,IT,63076.0,US,14850,2023-01-17 00:00:14,1.22,0.0,0.01,524.84,2023-01-20 00:00:14,72,1
8341,E-commerce,Express,IT,63076.0,US,92626,2023-01-18 00:00:14,1.67,0.0,0.01,2632.79,2023-01-23 00:00:14,120,2
8368,E-commerce,Express,IT,63076.0,US,28739,2023-01-18 00:00:14,0.88,0.0,0.01,519.19,2023-01-23 00:00:14,120,2
8371,E-commerce,Express,IT,63076.0,US,85224,2023-01-18 00:00:14,1.19,0.0,0.01,524.84,2023-01-23 00:00:14,120,2
8389,E-commerce,Express,IT,63076.0,US,90272,2023-01-18 00:00:14,1.37,0.0,0.01,603.8,2023-01-24 00:00:14,144,2
8390,E-commerce,Express,IT,63076.0,US,92657,2023-01-18 00:00:14,1.06,0.0,0.01,2632.79,2023-01-23 00:00:14,120,2
8401,E-commerce,Express,IT,63076.0,US,60443,2023-01-18 00:00:14,0.94,0.0,0.01,1936.38,2023-01-23 00:00:14,120,2
8504,E-commerce,Express,IT,63076.0,US,75225,2023-01-18 00:00:14,1.25,0.0,0.01,219.4,2023-01-23 00:00:14,120,2
8505,E-commerce,Express,IT,63076.0,US,33135,2023-01-18 00:00:14,4.26,0.0,0.01,524.84,2023-01-23 00:00:14,120,2
8517,Corriere espresso,Express,IT,50123.0,US,33122,2023-01-18 00:00:14,3.0,2.0,0.01776,319.18,2023-01-20 12:12:14,60,2
8536,E-commerce,Express,IT,63076.0,US,33135,2023-01-18 00:00:14,1.36,0.0,0.01,524.84,2023-01-23 00:00:14,120,2
8541,E-commerce,Express,IT,63076.0,US,33132,2023-01-18 00:00:14,1.49,0.0,0.01,524.84,2023-01-25 00:00:14,168,2
8545,E-commerce,Express,IT,63076.0,US,19103,2023-01-18 00:00:14,1.6,0.0,0.01,526.58,2023-01-23 00:00:14,120,2
8546,Corriere espresso,Express,IT,63076.0,US,10022,2023-01-18 13:06:14.977,4.4,4.0,0.042476,637.23,2023-01-19 00:00:14,11,2
8606,E-commerce,Express,IT,63076.0,US,91108,2023-01-18 00:00:14,0.9,0.0,0.01,2632.79,2023-01-23 00:00:14,120,2
8670,E-commerce,Express,IT,63076.0,US,92626,2023-01-18 00:00:14,1.37,0.0,0.01,2632.79,2023-01-23 00:00:14,120,2
8680,Corriere espresso,Express,IT,63811.0,US,10022,2023-01-18 00:00:14,0.4,0.3,0.0,637.23,2023-01-19 00:00:14,24,2
8849,E-commerce,Express,IT,63076.0,US,94577,2023-01-19 00:00:14,1.3,0.0,0.01,583.39,2023-01-24 00:00:14,120,3
8886,E-commerce,Express,IT,63076.0,US,58501,2023-01-19 00:00:14,1.3,0.0,0.01,518.52,2023-01-24 00:00:14,120,3
8914,E-commerce,Express,IT,63076.0,US,33130,2023-01-19 00:00:14,1.44,0.0,0.01,524.84,2023-01-23 00:00:14,96,3
8915,E-commerce,Express,IT,63076.0,US,44012,2023-01-19 00:00:14,1.44,0.0,0.01,361.75,2023-01-24 00:00:14,120,3
8916,E-commerce,Express,IT,63076.0,US,2215,2023-01-19 00:00:14,1.69,0.0,0.01,517.32,2023-01-23 00:00:14,96,3
8917,E-commerce,Express,IT,63076.0,US,78572,2023-01-19 00:00:14,1.48,0.0,0.01,239.02,2023-01-24 00:00:14,120,3
8922,E-commerce,Express,IT,63076.0,US,34786,2023-01-19 00:00:14,1.18,0.0,0.01,516.31,2023-01-24 00:00:14,120,3
8926,E-commerce,Express,IT,63076.0,US,11413,2023-01-19 00:00:14,1.25,0.0,0.01,513.04,2023-01-23 00:00:14,96,3
8929,E-commerce,Express,IT,63076.0,US,77381,2023-01-19 00:00:14,2.3,0.0,0.01,217.66,2023-01-24 00:00:14,120,3
8932,E-commerce,Express,IT,63076.0,US,10024,2023-01-19 00:00:14,1.25,0.0,0.01,625.61,2023-01-25 00:00:14,144,3
8984,E-commerce,Express,IT,63076.0,US,91356,2023-01-19 00:00:14,1.37,0.0,0.01,2632.79,2023-01-24 00:00:14,120,3
8985,E-commerce,Express,IT,63076.0,US,11545,2023-01-19 00:00:14,4.63,0.0,0.01,516.18,2023-01-24 00:00:14,120,3
8986,E-commerce,Express,IT,63076.0,US,10003,2023-01-19 00:00:14,2.1,0.0,0.01,934.32,2023-01-24 00:00:14,120,3
9035,Corriere espresso,Economy Express,IT,63076.0,US,90210,2023-01-19 13:44:17.973,14.11,10.01,0.41,2632.79,2023-01-30 00:00:14,251,3
9038,Corriere espresso,Economy Express,IT,63076.0,US,96814,2023-01-19 13:51:48.717,1.45,0.55,0.07,2632.79,2023-01-26 00:00:14,155,3
9165,E-commerce,Express,IT,63076.0,US,21076,2023-01-19 00:00:14,1.41,0.0,0.01,104.54,2023-01-24 00:00:14,120,3
9434,Corriere espresso,Economy Express,IT,63076.0,US,7430,2023-01-20 09:11:12.817,2.0,1.7,0.02,522.32,2023-01-30 00:00:14,231,4
9435,Corriere espresso,Economy Express,IT,63076.0,US,7430,2023-01-20 09:11:36.873,1.22,0.92,0.02,522.32,2023-01-30 00:00:14,231,4
9436,Corriere espresso,Economy Express,IT,63076.0,US,7430,2023-01-20 09:12:01.683,0.9,0.7,0.01,522.32,2023-01-30 00:00:14,231,4
9440,E-commerce,Express,IT,63076.0,US,93291,2023-01-20 00:00:14,0.35,0.0,0.01,524.84,2023-01-25 00:00:14,120,4
9593,E-commerce,Express,IT,63076.0,US,2459,2023-01-20 00:00:14,1.2,0.0,0.01,630.48,2023-01-25 00:00:14,120,4
9607,E-commerce,Express,IT,63076.0,US,75024,2023-01-20 00:00:14,1.61,0.0,0.01,424.44,2023-01-25 00:00:14,120,4
9613,E-commerce,Express,IT,63076.0,US,7086,2023-01-20 00:00:14,1.42,0.0,0.01,317.01,2023-01-25 00:00:14,120,4
9620,E-commerce,Express,IT,63076.0,US,48009,2023-01-20 00:00:14,1.21,0.0,0.01,594.68,2023-01-25 00:00:14,120,4
9621,E-commerce,Express,IT,63076.0,US,2421,2023-01-20 00:00:14,1.34,0.0,0.01,650.43,2023-01-25 00:00:14,120,4
9623,E-commerce,Express,IT,63076.0,US,97035,2023-01-20 00:00:14,0.93,0.0,0.01,2632.79,2023-01-25 00:00:14,120,4
9624,E-commerce,Express,IT,63076.0,US,22101,2023-01-20 00:00:14,1.24,0.0,0.01,521.68,2023-01-25 00:00:14,120,4
9625,E-commerce,Express,IT,63076.0,US,94040,2023-01-20 00:00:14,1.25,0.0,0.01,524.84,2023-01-25 00:00:14,120,4
9628,Corriere espresso,Express,IT,63811.0,US,10022,2023-01-20 00:00:14,3.26,0.96,0.17,637.23,2023-01-23 00:00:14,72,4
9629,E-commerce,Express,IT,63076.0,US,22101,2023-01-20 00:00:14,1.19,0.0,0.01,521.68,2023-01-25 00:00:14,120,4
9661,Corriere espresso,Express,IT,62010.0,US,2116,2023-01-20 00:00:14,3.8,3.5,0.0,674.13,2023-01-23 00:00:14,72,4
9663,Corriere espresso,Express,IT,62010.0,US,10917,2023-01-20 00:00:14,3.4,3.1,0.0,586.77,2023-01-23 00:00:14,72,4
9665,Corriere espresso,Express,IT,62010.0,US,10022,2023-01-20 00:00:14,10.14,7.2,0.0,706.94,2023-01-23 00:00:14,72,4
9816,E-commerce,Express,IT,63076.0,US,33109,2023-01-20 00:00:14,1.38,0.0,0.01,524.84,2023-01-25 00:00:14,120,4
9848,E-commerce,Express,IT,63076.0,US,91763,2023-01-20 00:00:14,1.3,0.0,0.01,2632.79,2023-01-25 00:00:14,120,4
9867,E-commerce,Express,IT,63076.0,US,98004,2023-01-20 00:00:14,1.14,0.0,0.01,1012.44,2023-01-25 00:00:14,120,4
10229,E-commerce,Express,IT,63076.0,US,33154,2023-01-23 00:00:14,0.97,0.0,0.01,524.84,2023-01-26 00:00:14,72,0
10232,E-commerce,Express,IT,63076.0,US,33149,2023-01-23 00:00:14,1.3,0.0,0.01,513.41,2023-01-30 00:00:14,168,0
10238,E-commerce,Express,IT,63076.0,US,33480,2023-01-23 00:00:14,0.97,0.0,0.01,517.8,2023-01-26 00:00:14,72,0
10242,E-commerce,Express,IT,63076.0,US,78704,2023-01-23 00:00:14,0.4,0.0,0.01,211.56,2023-01-27 00:00:14,96,0
10245,E-commerce,Express,IT,63076.0,US,33178,2023-01-23 00:00:14,2.22,0.0,0.01,511.83,2023-01-26 00:00:14,72,0
10249,E-commerce,Express,IT,63076.0,US,20037,2023-01-23 00:00:14,1.29,0.0,0.01,534.33,2023-01-26 00:00:14,72,0
10255,E-commerce,Express,IT,63076.0,US,85234,2023-01-23 00:00:14,1.3,0.0,0.01,524.84,2023-01-30 00:00:14,168,0
10257,E-commerce,Express,IT,63076.0,US,10028,2023-01-23 00:00:14,1.42,0.0,0.01,619.77,2023-01-26 00:00:14,72,0
10262,Corriere espresso,Express,IT,63811.0,US,10022,2023-01-23 11:04:55.997,6.44,3.09,0.28,637.23,2023-01-25 00:00:14,37,0
10270,E-commerce,Express,IT,63076.0,US,29601,2023-01-23 00:00:14,1.19,0.0,0.01,524.84,2023-01-26 00:00:14,72,0
10271,E-commerce,Express,IT,63076.0,US,33301,2023-01-23 00:00:14,1.07,0.0,0.01,11818.31,2023-01-27 13:51:51,109,0
10273,E-commerce,Express,IT,63076.0,US,15330,2023-01-23 00:00:14,1.65,0.0,0.01,524.84,2023-01-27 00:00:14,96,0
10280,E-commerce,Express,IT,63076.0,US,87111,2023-01-23 00:00:14,1.22,0.0,0.01,2632.79,2023-01-26 00:00:14,72,0
10284,E-commerce,Express,IT,63076.0,US,70503,2023-01-23 00:00:14,1.05,0.0,0.01,214.36,2023-01-27 00:00:14,96,0
10285,Corriere espresso,Express,IT,63811.0,US,10022,2023-01-23 11:17:48.227,3.82,1.68,0.17,637.23,2023-01-24 00:00:14,13,0
10287,E-commerce,Express,IT,63076.0,US,19312,2023-01-23 00:00:14,1.31,0.0,0.01,531.11,2023-01-26 00:00:14,72,0
10288,E-commerce,Express,IT,63076.0,US,90024,2023-01-23 00:00:14,1.3,0.0,0.01,968.21,2023-01-27 00:00:14,96,0
10291,E-commerce,Express,IT,63076.0,US,78410,2023-01-23 00:00:14,1.3,0.0,0.01,376.14,2023-01-26 00:00:14,72,0
10293,E-commerce,Express,IT,63076.0,US,20011,2023-01-23 00:00:14,1.24,0.0,0.01,541.06,2023-01-26 00:00:14,72,0
10295,Corriere espresso,Economy Express,IT,63076.0,US,90210,2023-01-23 11:30:36.83,3.28,2.06,0.08,2632.79,2023-02-01 00:00:14,205,0
10296,E-commerce,Express,IT,63076.0,US,28227,2023-01-23 00:00:14,1.57,0.0,0.01,518.07,2023-01-27 00:00:14,96,0
10298,Corriere espresso,Economy Express,IT,63076.0,US,92626,2023-01-23 11:33:35.497,4.26,3.21,0.06,2632.79,2023-01-31 00:00:14,181,0
10303,E-commerce,Express,IT,63076.0,US,33309,2023-01-23 00:00:14,1.24,0.0,0.01,524.84,2023-01-27 00:00:14,96,0
10307,E-commerce,Express,IT,63076.0,US,2190,2023-01-23 00:00:14,0.82,0.0,0.01,634.04,2023-01-26 00:00:14,72,0
10311,E-commerce,Express,IT,63076.0,US,48304,2023-01-23 00:00:14,1.57,0.0,0.01,523.74,2023-01-27 00:00:14,96,0
10312,E-commerce,Express,IT,63076.0,US,33408,2023-01-23 00:00:14,1.0,0.0,0.01,524.84,2023-01-30 00:00:14,168,0
10317,E-commerce,Express,IT,63076.0,US,27517,2023-01-23 00:00:14,0.95,0.0,0.01,524.84,2023-01-26 00:00:14,72,0
10320,E-commerce,Express,IT,63076.0,US,3755,2023-01-23 00:00:14,1.4,0.0,0.01,347.61,2023-01-27 00:00:14,96,0
10321,E-commerce,Express,IT,63076.0,US,94114,2023-01-23 00:00:14,1.13,0.0,0.01,1936.38,2023-01-30 00:00:14,168,0
10322,E-commerce,Express,IT,63076.0,US,94118,2023-01-23 00:00:14,1.29,0.0,0.01,1682.93,2023-01-27 00:00:14,96,0
10326,E-commerce,Express,IT,63076.0,US,20817,2023-01-23 00:00:14,1.05,0.0,0.01,524.84,2023-01-26 00:00:14,72,0
10327,E-commerce,Express,IT,63076.0,US,60091,2023-01-23 00:00:14,1.37,0.0,0.01,2632.79,2023-01-27 00:00:14,96,0
10342,E-commerce,Express,IT,63076.0,US,10011,2023-01-23 00:00:14,1.14,0.0,0.01,651.64,2023-01-27 00:00:14,96,0
10347,E-commerce,Express,IT,63076.0,US,95336,2023-01-23 00:00:14,1.26,0.0,0.01,524.84,2023-01-27 00:00:14,96,0
10349,E-commerce,Express,IT,63076.0,US,34102,2023-01-23 00:00:14,0.89,0.0,0.01,524.84,2023-01-27 00:00:14,96,0
10350,E-commerce,Express,IT,63076.0,US,10065,2023-01-23 00:00:14,1.71,0.0,0.01,672.75,2023-01-26 00:00:14,72,0
10391,E-commerce,Express,IT,63076.0,US,78737,2023-01-23 00:00:14,2.46,0.0,0.01,226.62,2023-01-27 00:00:14,96,0
10400,E-commerce,Express,IT,63076.0,US,37405,2023-01-23 00:00:14,1.21,0.0,0.01,314.28,2023-01-26 00:00:14,72,0
10411,E-commerce,Express,IT,63076.0,US,94920,2023-01-23 00:00:14,2.29,0.0,0.01,2632.79,2023-01-27 00:00:14,96,0
10494,Corriere espresso,Express,IT,20144.0,US,90069,2023-01-23 14:49:03.677,4.8,4.3,0.0,2178.96,2023-01-26 13:36:14,71,0
10896,E-commerce,Express,IT,63076.0,US,33179,2023-01-24 00:00:14,1.23,0.0,0.01,524.84,2023-01-27 00:00:14,72,1
10910,Corriere espresso,Economy Express,IT,63076.0,US,7430,2023-01-24 09:06:14.673,1.52,1.12,0.02,522.32,2023-01-31 00:00:14,159,1
10921,E-commerce,Express,IT,63076.0,US,92626,2023-01-24 00:00:14,1.3,0.0,0.01,2632.79,2023-01-27 00:00:14,72,1
10923,E-commerce,Express,IT,63076.0,US,48124,2023-01-24 00:00:14,0.85,0.0,0.01,250.72,2023-01-27 00:00:14,72,1
11017,E-commerce,Express,IT,63076.0,US,33134,2023-01-24 00:00:14,2.36,0.0,0.01,524.84,2023-01-30 00:00:14,144,1
11021,E-commerce,Express,IT,63076.0,US,10583,2023-01-24 00:00:14,1.22,0.0,0.01,517.77,2023-01-27 00:00:14,72,1
11022,E-commerce,Express,IT,63076.0,US,10021,2023-01-24 00:00:14,1.1,0.0,0.01,292.88,2023-01-27 00:00:14,72,1
11026,Corriere espresso,Express,IT,50065.0,US,10022,2023-01-24 10:01:50.797,0.1,0.1,0.01,380.63,2023-01-25 00:00:14,14,1
11171,E-commerce,Express,IT,63076.0,US,90015,2023-01-24 00:00:14,0.42,0.0,0.01,928.93,2023-01-27 00:00:14,72,1
11366,E-commerce,Express,IT,63076.0,US,98466,2023-01-24 00:00:14,1.37,0.0,0.01,2632.79,2023-01-27 00:00:14,72,1
11387,Corriere espresso,Express,IT,20122.0,US,10022,2023-01-24 15:03:27.437,7.0,6.9,0.0,184.54,2023-01-26 13:12:14,46,1
11585,E-commerce,Express,IT,63076.0,US,92264,2023-01-25 00:00:14,1.17,0.0,0.01,2632.79,2023-01-30 00:00:14,120,2
11691,E-commerce,Express,IT,63076.0,US,80301,2023-01-25 00:00:14,0.89,0.0,0.01,524.84,2023-01-30 00:00:14,120,2
11696,E-commerce,Express,IT,63076.0,US,10019,2023-01-25 00:00:14,1.61,0.0,0.01,633.52,2023-01-30 00:00:14,120,2
11721,E-commerce,Express,IT,63076.0,US,94526,2023-01-25 00:00:14,1.04,0.0,0.01,306.39,2023-01-30 00:00:14,120,2
11727,E-commerce,Express,IT,63076.0,US,78504,2023-01-25 00:00:14,1.32,0.0,0.01,219.21,2023-01-30 00:00:14,120,2
11728,E-commerce,Express,IT,63076.0,US,68516,2023-01-25 00:00:14,1.39,0.0,0.01,2632.79,2023-01-30 00:00:14,120,2
11729,E-commerce,Express,IT,63076.0,US,33908,2023-01-25 00:00:14,1.21,0.0,0.01,524.84,2023-01-30 00:00:14,120,2
11748,E-commerce,Express,IT,63076.0,US,90402,2023-01-25 00:00:14,1.57,0.0,0.01,2632.79,2023-01-30 00:00:14,120,2
11759,E-commerce,Express,IT,63076.0,US,10013,2023-01-25 00:00:14,1.58,0.0,0.01,637.59,2023-01-30 00:00:14,120,2
11763,E-commerce,Express,IT,63076.0,US,85224,2023-01-25 00:00:14,2.1,0.0,0.01,524.84,2023-01-30 00:00:14,120,2
11832,E-commerce,Express,IT,63076.0,US,91381,2023-01-25 00:00:14,1.21,0.0,0.01,2632.79,2023-01-30 00:00:14,120,2
11836,E-commerce,Express,IT,63076.0,US,32176,2023-01-25 00:00:14,1.27,0.0,0.01,515.54,2023-01-30 00:00:14,120,2
11867,E-commerce,Express,IT,63076.0,US,10024,2023-01-25 00:00:14,1.25,0.0,0.01,625.61,2023-01-30 00:00:14,120,2
11868,E-commerce,Express,IT,63076.0,US,60025,2023-01-25 00:00:14,1.42,0.0,0.01,74.72,2023-01-30 00:00:14,120,2
11870,E-commerce,Express,IT,63076.0,US,95125,2023-01-25 00:00:14,1.44,0.0,0.01,867.05,2023-01-30 00:00:14,120,2
11875,E-commerce,Express,IT,63076.0,US,11791,2023-01-25 00:00:14,1.3,0.0,0.01,511.94,2023-01-30 00:00:14,120,2
11877,E-commerce,Express,IT,63076.0,US,33166,2023-01-25 00:00:14,1.73,0.0,0.01,512.52,2023-01-30 00:00:14,120,2
11878,E-commerce,Express,IT,63076.0,US,19104,2023-01-25 00:00:14,1.0,0.0,0.01,1936.38,2023-01-30 00:00:14,120,2
11962,E-commerce,Express,IT,63076.0,US,7043,2023-01-25 00:00:14,1.41,0.0,0.01,317.5,2023-01-30 00:00:14,120,2
11966,E-commerce,Express,IT,63076.0,US,33040,2023-01-25 00:00:14,1.18,0.0,0.01,579.9,2023-01-30 00:00:14,120,2
11986,Corriere espresso,Express,IT,20144.0,US,90210,2023-01-25 15:37:12.99,1.5,1.0,0.0,2178.96,2023-01-27 12:04:14,45,2
12080,E-commerce,Express,IT,63076.0,US,7677,2023-01-25 00:00:14,0.9,0.0,0.01,517.37,2023-01-30 00:00:14,120,2
12188,E-commerce,Express,IT,63076.0,US,90402,2023-01-26 00:00:14,1.17,0.0,0.01,2632.79,2023-01-31 00:00:14,120,3
12189,E-commerce,Express,IT,63076.0,US,19103,2023-01-26 00:00:14,1.04,0.0,0.01,526.58,2023-01-30 00:00:14,96,3
12190,E-commerce,Express,IT,63076.0,US,2919,2023-01-26 00:00:14,1.87,0.0,0.01,597.6,2023-01-30 00:00:14,96,3
12310,E-commerce,Express,IT,63076.0,US,20016,2023-01-26 00:00:14,1.84,0.0,0.01,529.78,2023-01-30 00:00:14,96,3
12314,E-commerce,Express,IT,63076.0,US,32963,2023-01-26 00:00:14,2.06,0.0,0.01,524.84,2023-01-31 00:00:14,120,3
12356,E-commerce,Express,IT,63076.0,US,20852,2023-01-26 00:00:14,0.89,0.0,0.01,531.92,2023-01-30 00:00:14,96,3
12357,E-commerce,Express,IT,63076.0,US,10021,2023-01-26 00:00:14,0.35,0.0,0.01,292.88,2023-01-30 00:00:14,96,3
12363,E-commerce,Express,IT,63076.0,US,94904,2023-01-26 00:00:14,0.89,0.0,0.01,524.84,2023-01-31 00:00:14,120,3
12367,Corriere espresso,Express,IT,63811.0,US,10022,2023-01-26 00:00:14,8.7,6.9,0.1,637.23,2023-01-27 00:00:14,24,3
12368,E-commerce,Express,IT,63076.0,US,33418,2023-01-26 00:00:14,0.4,0.0,0.01,524.84,2023-01-30 00:00:14,96,3
12370,Corriere espresso,Express,IT,20144.0,US,10022,2023-01-26 12:45:37.56,3.0,2.9,0.0,184.54,2023-01-27 00:00:14,12,3
12401,Corriere espresso,Economy Express,IT,63076.0,US,89109,2023-01-26 12:48:59.077,1.28,1.18,0.02,583.27,2023-02-06 00:00:14,252,3
12402,Corriere espresso,Economy Express,IT,63076.0,US,90210,2023-01-26 12:49:36.107,5.88,5.18,0.06,2632.79,2023-02-06 00:00:14,252,3
12403,Corriere espresso,Economy Express,IT,63076.0,US,92626,2023-01-26 12:49:50.5,2.09,1.7,0.04,2632.79,2023-02-06 00:00:14,252,3
12404,Corriere espresso,Economy Express,IT,63076.0,US,92626,2023-01-26 12:50:04.677,3.1,2.7,0.04,2632.79,2023-02-06 00:00:14,252,3
12405,Corriere espresso,Economy Express,IT,63076.0,US,96814,2023-01-26 12:50:20.7,3.14,2.74,0.03,2632.79,2023-02-06 00:00:14,252,3
12407,E-commerce,Express,IT,63076.0,US,91010,2023-01-26 00:00:14,0.86,0.0,0.01,1099.36,2023-01-31 00:00:14,120,3
12418,E-commerce,Express,IT,63076.0,US,6901,2023-01-26 00:00:14,4.08,0.0,0.01,543.23,2023-01-30 00:00:14,96,3
12427,E-commerce,Express,IT,63076.0,US,30132,2023-01-26 00:00:14,0.99,0.0,0.01,460.46,2023-01-30 00:00:14,96,3
12436,E-commerce,Express,IT,63076.0,US,10021,2023-01-26 00:00:14,1.72,0.0,0.01,292.88,2023-01-30 00:00:14,96,3
12573,E-commerce,Express,IT,63076.0,US,8090,2023-01-26 00:00:14,1.3,0.0,0.01,524.84,2023-01-30 00:00:14,96,3
12584,E-commerce,Express,IT,63076.0,US,11937,2023-01-26 00:00:14,1.05,0.0,0.01,519.36,2023-01-30 00:00:14,96,3
12670,E-commerce,Express,IT,63076.0,US,7010,2023-01-27 00:00:14,1.03,0.0,0.01,305.98,2023-02-01 00:00:14,120,4
12791,E-commerce,Express,IT,63076.0,US,33602,2023-01-27 00:00:14,1.07,0.0,0.01,524.84,2023-02-01 00:00:14,120,4
12792,E-commerce,Express,IT,63076.0,US,90265,2023-01-27 00:00:14,2.19,0.0,0.01,2632.79,2023-02-01 00:00:14,120,4
12809,E-commerce,Express,IT,63076.0,US,84037,2023-01-27 00:00:14,0.96,0.0,0.01,423.83,2023-02-02 00:00:14,144,4
12815,Corriere espresso,Express,IT,20144.0,US,10022,2023-01-27 00:00:14,3.0,2.9,0.0,184.54,2023-01-30 00:00:14,72,4
12822,E-commerce,Express,IT,63076.0,US,73170,2023-01-27 00:00:14,1.39,0.0,0.01,934.32,2023-02-01 00:00:14,120,4
12838,Corriere espresso,Express,IT,20122.0,US,10022,2023-01-27 11:22:10.5,0.5,0.49,0.0,184.54,2023-01-30 11:37:14,72,4
12839,E-commerce,Express,IT,63076.0,US,90631,2023-01-27 00:00:14,1.66,0.0,0.01,2632.79,2023-02-01 00:00:14,120,4
12843,Corriere espresso,Express,IT,20122.0,US,90210,2023-01-27 11:24:22.067,0.5,0.4,0.0,2178.96,2023-01-30 13:46:14,74,4
12845,Corriere espresso,Express,IT,20122.0,US,75225,2023-01-27 11:28:27.227,0.5,0.4,0.0,589.36,2023-02-03 14:54:14,171,4
12846,Corriere espresso,Express,IT,20122.0,US,60611,2023-01-27 11:29:58.347,0.5,0.4,0.0,1275.31,2023-01-30 12:39:14,73,4
12847,Corriere espresso,Express,IT,20122.0,US,33154,2023-01-27 11:31:53.37,0.5,0.4,0.0,100.63,2023-01-30 12:43:14,73,4
12856,E-commerce,Express,IT,63076.0,US,43221,2023-01-27 00:00:14,1.19,0.0,0.01,524.84,2023-02-01 00:00:14,120,4
12857,E-commerce,Express,IT,63076.0,US,10003,2023-01-27 00:00:14,1.2,0.0,0.01,934.32,2023-02-01 00:00:14,120,4
12859,E-commerce,Express,IT,63076.0,US,32832,2023-01-27 00:00:14,0.96,0.0,0.01,521.17,2023-02-02 00:00:14,144,4
12875,E-commerce,Express,IT,63076.0,US,37934,2023-01-27 00:00:14,3.64,0.0,0.02,524.84,2023-02-01 15:02:23,135,4
12888,E-commerce,Express,IT,63076.0,US,37934,2023-01-27 00:00:14,0.93,0.0,0.01,524.84,2023-02-01 00:00:14,120,4
12901,E-commerce,Express,IT,63076.0,US,23323,2023-01-27 00:00:14,3.85,0.0,0.01,524.84,2023-02-01 00:00:14,120,4
12998,E-commerce,Express,IT,63076.0,US,95746,2023-01-27 00:00:14,1.26,0.0,0.01,524.84,2023-02-01 00:00:14,120,4
13017,E-commerce,Express,IT,63076.0,US,95746,2023-01-27 00:00:14,2.58,0.0,0.02,524.84,2023-02-01 00:00:14,120,4
13061,E-commerce,Express,IT,63076.0,US,75010,2023-01-27 00:00:14,0.75,0.0,0.01,417.94,2023-02-02 00:00:14,144,4
13259,E-commerce,Express,IT,63076.0,US,68114,2023-01-30 00:00:14,1.21,0.0,0.01,1936.38,2023-02-02 00:00:14,72,0
13261,E-commerce,Express,IT,63076.0,US,33131,2023-01-30 00:00:14,1.51,0.0,0.01,524.84,2023-02-02 00:00:14,72,0
13367,E-commerce,Express,IT,63076.0,US,20007,2023-01-30 00:00:14,1.92,0.0,0.01,532.83,2023-02-02 00:00:14,72,0
13370,E-commerce,Express,IT,63076.0,US,94539,2023-01-30 00:00:14,1.22,0.0,0.01,583.39,2023-02-03 00:00:14,96,0
13371,Corriere espresso,Express,IT,63076.0,US,89109,2023-01-30 09:44:28.493,5.9,5.2,0.15,583.27,2023-02-01 00:00:14,39,0
13378,E-commerce,Express,IT,63076.0,US,31522,2023-01-30 00:00:14,1.0,0.0,0.01,524.9,2023-02-02 00:00:14,72,0
13379,E-commerce,Express,IT,63076.0,US,91914,2023-01-30 00:00:14,1.3,0.0,0.01,524.84,2023-02-02 00:00:14,72,0
13380,E-commerce,Express,IT,63076.0,US,77055,2023-01-30 00:00:14,1.86,0.0,0.01,221.66,2023-02-02 00:00:14,72,0
13383,E-commerce,Express,IT,63076.0,US,10027,2023-01-30 00:00:14,1.1,0.0,0.01,524.24,2023-02-02 00:00:14,72,0
13384,E-commerce,Express,IT,63076.0,US,22307,2023-01-30 00:00:14,2.08,0.0,0.01,1609.38,2023-02-02 00:00:14,72,0
13386,E-commerce,Express,IT,63076.0,US,49621,2023-01-30 00:00:14,1.3,0.0,0.01,515.04,2023-02-02 00:00:14,72,0
13390,Corriere espresso,Express,IT,50123.0,US,92677,2023-01-30 00:00:14,2.0,1.0,0.0,2271.57,2023-02-01 16:35:14,64,0
13391,E-commerce,Express,IT,63076.0,US,75219,2023-01-30 00:00:14,1.44,0.0,0.01,524.84,2023-02-03 00:00:14,96,0
13392,E-commerce,Express,IT,63076.0,US,11211,2023-01-30 00:00:14,0.35,0.0,0.01,11385.79,2023-02-02 00:00:14,72,0
13393,E-commerce,Express,IT,63076.0,US,10009,2023-01-30 00:00:14,0.35,0.0,0.01,599.87,2023-02-02 00:00:14,72,0
13395,E-commerce,Express,IT,63076.0,US,10023,2023-01-30 00:00:14,1.57,0.0,0.01,615.44,2023-02-02 00:00:14,72,0
13396,E-commerce,Express,IT,63076.0,US,33404,2023-01-30 00:00:14,0.74,0.0,0.01,524.84,2023-02-02 00:00:14,72,0
13411,E-commerce,Express,IT,63076.0,US,23219,2023-01-30 00:00:14,1.6,0.0,0.01,2632.79,2023-02-02 00:00:14,72,0
13414,E-commerce,Express,IT,63076.0,US,27609,2023-01-30 00:00:14,1.25,0.0,0.01,516.21,2023-02-02 00:00:14,72,0
13415,E-commerce,Express,IT,63076.0,US,11210,2023-01-30 00:00:14,1.42,0.0,0.01,516.34,2023-02-02 00:00:14,72,0
13489,E-commerce,Express,IT,63076.0,US,27609,2023-01-30 00:00:14,1.29,0.0,0.01,516.21,2023-02-02 00:00:14,72,0
13501,E-commerce,Express,IT,63076.0,US,75209,2023-01-30 00:00:14,1.18,0.0,0.01,1682.93,2023-02-03 00:00:14,96,0
13503,E-commerce,Express,IT,63076.0,US,85383,2023-01-30 00:00:14,0.81,0.0,0.01,524.84,2023-02-02 00:00:14,72,0
13505,E-commerce,Express,IT,63076.0,US,11021,2023-01-30 00:00:14,1.21,0.0,0.01,703.2,2023-02-02 00:00:14,72,0
13508,E-commerce,Express,IT,63076.0,US,75204,2023-01-30 00:00:14,1.28,0.0,0.01,218.06,2023-02-02 00:00:14,72,0
13516,E-commerce,Express,IT,63076.0,US,33480,2023-01-30 00:00:14,0.49,0.0,0.01,517.8,2023-02-02 00:00:14,72,0
13531,E-commerce,Express,IT,63076.0,US,2139,2023-01-30 00:00:14,1.05,0.0,0.01,636.57,2023-02-02 00:00:14,72,0
13532,E-commerce,Express,IT,63076.0,US,33308,2023-01-30 00:00:14,1.42,0.0,0.01,516.6,2023-02-02 00:00:14,72,0
13538,E-commerce,Express,IT,63076.0,US,94109,2023-01-30 00:00:14,1.42,0.0,0.01,524.84,2023-02-02 00:00:14,72,0
13540,E-commerce,Express,IT,63076.0,US,78734,2023-01-30 00:00:14,1.85,0.0,0.01,226.82,2023-02-02 00:00:14,72,0
13541,E-commerce,Express,IT,63076.0,US,10128,2023-01-30 00:00:14,1.3,0.0,0.01,633.51,2023-02-02 00:00:14,72,0
13542,E-commerce,Express,IT,63076.0,US,55413,2023-01-30 00:00:14,3.85,0.0,0.01,1148.05,2023-02-02 00:00:14,72,0
13548,E-commerce,Express,IT,63076.0,US,10003,2023-01-30 00:00:14,2.03,0.0,0.01,934.32,2023-02-02 00:00:14,72,0
13555,E-commerce,Express,IT,63076.0,US,23238,2023-01-30 00:00:14,1.3,0.0,0.01,2632.79,2023-02-02 00:00:14,72,0
13560,E-commerce,Express,IT,63076.0,US,90272,2023-01-30 00:00:14,1.21,0.0,0.01,603.8,2023-02-02 00:00:14,72,0
13612,E-commerce,Express,IT,63076.0,US,48304,2023-01-30 00:00:14,1.57,0.0,0.01,523.74,2023-02-02 00:00:14,72,0
13615,E-commerce,Express,IT,63076.0,US,94904,2023-01-30 00:00:14,1.57,0.0,0.01,524.84,2023-02-02 00:00:14,72,0
13688,E-commerce,Express,IT,63076.0,US,33414,2023-01-30 00:00:14,1.02,0.0,0.01,524.84,2023-02-02 00:00:14,72,0
13773,E-commerce,Express,IT,63076.0,US,33020,2023-01-30 00:00:14,0.74,0.0,0.01,629.01,2023-02-03 00:00:14,96,0
14099,E-commerce,Express,IT,63076.0,US,43214,2023-01-31 00:00:14,0.19,0.0,0.01,516.69,2023-02-03 00:00:14,72,1
14134,E-commerce,Express,IT,63076.0,US,77056,2023-01-31 00:00:14,1.3,0.0,0.01,247.29,2023-02-03 00:00:14,72,1
14144,E-commerce,Express,IT,63076.0,US,99518,2023-01-31 00:00:14,1.3,0.0,0.01,1467.46,2023-02-03 00:00:14,72,1
14145,E-commerce,Express,IT,63076.0,US,10011,2023-01-31 00:00:14,1.17,0.0,0.01,651.64,2023-02-06 00:00:14,144,1
14147,E-commerce,Express,IT,63076.0,US,91356,2023-01-31 00:00:14,2.46,0.0,0.01,2632.79,2023-02-03 00:00:14,72,1
14148,E-commerce,Express,IT,63076.0,US,2903,2023-01-31 00:00:14,1.78,0.0,0.01,288.24,2023-02-03 00:00:14,72,1
14150,E-commerce,Express,IT,63076.0,US,22314,2023-01-31 00:00:14,2.51,0.0,0.01,657.04,2023-02-03 00:00:14,72,1
14153,E-commerce,Express,IT,63076.0,US,87114,2023-01-31 00:00:14,1.3,0.0,0.01,2632.79,2023-02-03 00:00:14,72,1
14157,Corriere espresso,Economy Express,IT,63076.0,US,7008,2023-01-31 10:35:35.253,1.3,0.9,0.017325,2732.77,2023-02-07 00:00:14,158,1
14158,Corriere espresso,Economy Express,IT,63076.0,US,92626,2023-01-31 10:36:55.733,1.7,1.3,0.017325,2632.79,2023-02-07 00:00:14,158,1
14159,Corriere espresso,Economy Express,IT,63076.0,US,96814,2023-01-31 10:37:40.7,0.9,0.5,0.017325,2632.79,2023-02-08 00:00:14,182,1
14160,Corriere espresso,Economy Express,IT,63076.0,US,89109,2023-01-31 10:37:59.027,0.6,0.2,0.017325,583.27,2023-02-07 00:00:14,158,1
14161,Corriere espresso,Economy Express,IT,63076.0,US,10022,2023-01-31 10:38:17.463,2.2,0.8,0.017325,637.23,2023-02-08 00:00:14,182,1
14162,Corriere espresso,Economy Express,IT,63076.0,US,33154,2023-01-31 10:38:40.057,0.7,0.3,0.017325,524.84,2023-02-08 00:00:14,182,1
14163,Corriere espresso,Economy Express,IT,63076.0,US,77056,2023-01-31 10:38:56.133,0.5,0.1,0.017325,247.29,2023-02-08 00:00:14,182,1
14164,Corriere espresso,Economy Express,IT,63076.0,US,60611,2023-01-31 10:39:18.5,0.6,0.2,0.017325,1682.93,2023-02-07 00:00:14,158,1
14165,Corriere espresso,Economy Express,IT,63076.0,US,7601,2023-01-31 10:39:31.973,0.5,0.1,0.017325,524.01,2023-02-07 00:00:14,158,1
14166,Corriere espresso,Economy Express,IT,63076.0,US,90210,2023-01-31 10:40:07.083,0.8,0.4,0.017325,2632.79,2023-02-07 00:00:14,158,1
14167,Corriere espresso,Economy Express,IT,63076.0,US,75225,2023-01-31 10:40:28.447,0.6,0.2,0.017325,219.4,2023-02-09 00:00:14,206,1
14168,Corriere espresso,Economy Express,IT,63076.0,US,98004,2023-01-31 10:40:46.443,0.5,0.1,0.017325,1012.44,2023-02-08 00:00:14,182,1
14169,Corriere espresso,Economy Express,IT,63076.0,US,2116,2023-01-31 10:41:02.347,0.6,0.2,0.017325,604.42,2023-02-07 00:00:14,158,1
14175,E-commerce,Express,IT,63076.0,US,32832,2023-01-31 00:00:14,0.96,0.0,0.01,521.17,2023-02-03 00:00:14,72,1
14195,E-commerce,Express,IT,63076.0,US,2474,2023-01-31 00:00:14,1.42,0.0,0.01,651.27,2023-02-03 00:00:14,72,1
14199,E-commerce,Express,IT,63076.0,US,11021,2023-01-31 00:00:14,1.19,0.0,0.01,703.2,2023-02-03 00:00:14,72,1
14201,E-commerce,Express,IT,63076.0,US,33301,2023-01-31 00:00:14,1.61,0.0,0.01,11818.31,2023-02-03 00:00:14,72,1
14204,E-commerce,Express,IT,63076.0,US,2912,2023-01-31 00:00:14,0.35,0.0,0.01,638.47,2023-02-03 00:00:14,72,1
14217,E-commerce,Express,IT,63076.0,US,96822,2023-01-31 00:00:14,1.44,0.0,0.01,2632.79,2023-02-03 00:00:14,72,1
14218,E-commerce,Express,IT,63076.0,US,10013,2023-01-31 00:00:14,1.58,0.0,0.01,637.59,2023-02-03 00:00:14,72,1
14230,E-commerce,Express,IT,63076.0,US,34102,2023-01-31 00:00:14,0.8,0.0,0.01,524.84,2023-02-03 00:00:14,72,1
14233,E-commerce,Express,IT,63076.0,US,33477,2023-01-31 00:00:14,1.32,0.0,0.01,517.65,2023-02-03 00:00:14,72,1
14236,E-commerce,Express,IT,63076.0,US,80207,2023-01-31 00:00:14,2.3,0.0,0.01,1682.93,2023-02-03 00:00:14,72,1
14238,E-commerce,Express,IT,63076.0,US,77578,2023-01-31 00:00:14,2.03,0.0,0.01,2632.79,2023-02-03 00:00:14,72,1
14240,E-commerce,Express,IT,63076.0,US,75205,2023-01-31 00:00:14,1.19,0.0,0.01,1365.26,2023-02-03 00:00:14,72,1
14241,E-commerce,Express,IT,63076.0,US,33131,2023-01-31 00:00:14,1.66,0.0,0.01,524.84,2023-02-03 00:00:14,72,1
14267,Corriere espresso,Express,IT,63811.0,US,10022,2023-01-31 00:00:14,4.6,3.6,0.0,637.23,2023-02-02 00:00:14,48,1
14268,Corriere espresso,Express,IT,63811.0,US,10022,2023-01-31 00:00:14,8.6,7.6,0.0,637.23,2023-02-01 00:00:14,24,1
14287,E-commerce,Express,IT,63076.0,US,87111,2023-01-31 00:00:14,2.14,0.0,0.01,2632.79,2023-02-03 00:00:14,72,1
