ID,Date,Sentiment
0,2022-09-18,2
1,2022-09-16,2
2,2022-08-27,1
3,2022-08-26,2
4,2022-08-11,1
5,2022-08-06,1
6,2022-08-05,2
7,2022-08-02,2
8,2022-07-12,1
9,2022-07-02,2
10,2022-05-31,2
11,2022-05-11,2
12,2022-04-11,1
13,2022-03-21,2
14,2022-02-10,1
15,2022-01-22,2
16,2021-12-08,1
17,2021-12-01,2
18,2021-11-16,2
19,2021-11-02,3
20,2021-10-29,2
21,2021-10-01,2
22,2021-09-17,2
23,2021-09-16,2
24,2021-09-01,2
25,2021-08-28,2
26,2021-08-26,1
27,2021-07-12,1
28,2021-07-05,2
29,2021-06-14,2
30,2021-06-11,3
31,2021-06-02,2
32,2021-05-31,2
33,2021-04-30,2
34,2021-04-29,2
35,2021-04-22,0
36,2021-04-16,2
37,2021-04-15,2
38,2021-04-10,2
39,2021-04-02,1
40,2021-01-04,2
41,2020-12-26,2
42,2020-12-25,2
43,2020-12-24,2
44,2020-12-23,1
45,2020-12-21,2
46,2020-12-21,1
47,2020-12-17,2
48,2020-12-09,1
49,2020-12-03,2
50,2020-11-30,2
51,2020-11-25,2
52,2020-11-16,2
53,2020-10-15,0
54,2020-10-10,3
55,2020-10-06,1
56,2020-07-07,3
57,2020-06-13,2
58,2020-05-25,1
59,2020-05-18,2
60,2020-05-07,1
61,2020-05-01,2
62,2020-04-18,2
63,2020-04-17,2
64,2020-04-14,1
65,2020-04-13,2
66,2020-03-17,2
67,2020-03-16,2
68,2019-12-05,1
69,2019-12-04,2
70,2019-11-12,2
71,2019-11-06,3
72,2019-11-01,3
73,2019-10-31,1
74,2019-10-31,3
75,2019-10-17,1
76,2019-10-01,2
77,2019-09-25,2
78,2019-03-19,1
79,2019-03-07,3
80,2019-02-03,2
81,2019-02-01,0
82,2019-01-31,2
83,2019-01-30,2
84,2019-01-10,1
85,2019-01-08,3
86,2019-01-02,2
87,2019-01-01,2
88,2018-12-31,0
89,2018-12-21,2
90,2018-12-17,2
91,2018-12-17,1
92,2018-12-11,2
93,2018-12-03,2
94,2018-11-21,1
95,2018-10-30,2
96,2018-10-27,2
97,2018-10-25,2
98,2018-10-24,1
99,2018-10-24,0
100,2018-10-23,2
101,2018-10-08,1
102,2018-10-04,2
103,2018-10-04,1
104,2018-10-01,2
105,2018-09-28,1
106,2018-06-26,1
107,2018-05-26,3
108,2018-05-26,2
109,2018-05-25,1
110,2018-05-25,1
111,2018-05-24,0
112,2018-05-24,2
113,2018-05-24,3
114,2018-05-24,2
115,2018-05-23,1
116,2018-05-23,1
117,2018-05-22,2
118,2018-05-22,2
119,2018-05-22,1
120,2018-05-21,2
121,2018-05-18,2
122,2018-05-18,2
123,2018-05-17,2
124,2018-05-16,2
125,2018-05-15,1
126,2018-05-14,2
127,2018-05-11,1
128,2018-05-11,2
129,2018-05-11,2
130,2018-05-10,2
131,2018-05-10,1
132,2018-05-10,2
133,2018-05-08,2
134,2018-05-07,2
135,2018-05-04,3
136,2018-05-04,0
137,2018-05-04,2
138,2018-05-04,0
139,2018-05-04,2
140,2018-05-04,2
141,2018-05-02,2
142,2018-05-01,2
143,2018-05-01,2
144,2018-05-01,2
145,2018-04-30,1
146,2018-04-30,1
147,2018-04-28,3
148,2018-04-28,2
149,2018-04-28,2
150,2018-04-28,2
151,2018-04-27,2
152,2018-04-27,2
153,2018-04-25,2
154,2018-04-25,2
155,2018-04-24,2
156,2018-04-24,2
157,2018-04-24,2
158,2018-04-24,1
159,2018-04-23,2
160,2018-04-23,2
161,2018-04-20,2
162,2018-04-20,2
163,2018-04-20,1
164,2018-04-19,2
165,2018-04-19,2
166,2018-04-18,3
167,2018-04-18,1
168,2018-04-18,2
169,2018-04-17,3
170,2018-04-14,2
171,2018-04-13,2
172,2018-04-13,2
173,2018-04-12,0
174,2018-04-12,1
175,2018-04-11,1
176,2018-04-10,2
177,2018-04-10,2
178,2018-04-10,1
179,2018-04-09,2
180,2018-04-06,1
181,2018-04-05,2
182,2018-04-05,3
183,2018-04-04,1
184,2018-04-04,2
185,2018-04-04,2
186,2018-04-04,2
187,2018-04-03,3
188,2018-04-03,2
189,2018-04-03,2
190,2018-04-03,1
191,2018-04-03,2
192,2018-04-02,2
193,2018-03-30,2
194,2018-03-28,3
195,2018-03-28,2
196,2018-03-28,0
197,2018-03-27,2
198,2018-03-26,1
199,2018-03-26,2
200,2018-03-26,2
201,2018-03-24,1
202,2018-03-23,2
203,2018-03-23,2
204,2018-03-22,3
205,2018-03-22,2
206,2018-03-20,2
207,2018-03-19,2
208,2018-03-17,3
209,2018-03-16,3
210,2018-03-16,2
211,2018-03-16,3
212,2018-03-16,1
213,2018-03-14,1
214,2018-03-13,1
215,2018-03-13,1
216,2018-03-13,2
217,2018-03-13,2
218,2018-03-12,3
219,2018-03-10,0
220,2018-03-09,3
221,2018-03-09,2
222,2018-03-08,0
223,2018-03-07,2
224,2018-03-06,2
225,2018-03-06,3
226,2018-03-02,1
227,2018-03-02,2
228,2018-03-02,3
229,2018-02-28,2
230,2018-02-26,2
231,2018-02-24,2
232,2018-02-24,1
233,2018-02-23,2
234,2018-02-23,1
235,2018-02-23,2
236,2018-02-22,2
237,2018-02-21,2
238,2018-02-19,2
239,2018-02-19,2
240,2018-02-18,1
241,2018-02-10,3
242,2018-02-10,2
243,2018-02-09,1
244,2018-02-09,0
245,2018-02-08,2
246,2018-02-07,3
247,2018-02-06,2
248,2018-02-06,2
249,2018-02-06,3
250,2018-02-06,2
251,2018-02-06,3
252,2018-02-03,2
253,2018-02-03,2
254,2018-02-02,1
255,2018-02-02,2
256,2018-02-02,2
257,2018-02-02,2
258,2018-02-02,2
259,2018-02-01,2
260,2018-02-01,2
261,2018-01-30,1
262,2018-01-30,1
263,2018-01-30,2
264,2018-01-30,3
265,2018-01-30,2
266,2018-01-29,2
267,2018-01-29,0
268,2018-01-29,2
269,2018-01-27,3
270,2018-01-26,2
271,2018-01-26,2
272,2018-01-26,2
273,2018-01-24,3
274,2018-01-24,2
275,2018-01-23,2
276,2018-01-23,0
277,2018-01-22,2
278,2018-01-22,2
279,2018-01-22,2
280,2018-01-20,3
281,2018-01-20,2
282,2018-01-20,3
283,2018-01-19,2
284,2018-01-19,2
285,2018-01-19,2
286,2018-01-19,1
287,2018-01-18,2
288,2018-01-18,2
289,2018-01-18,0
290,2018-01-17,3
291,2018-01-16,3
292,2018-01-16,2
293,2018-01-16,2
294,2018-01-16,3
295,2018-01-16,3
296,2018-01-15,2
297,2018-01-15,2
298,2018-01-12,2
299,2018-01-12,2
300,2018-01-11,0
301,2018-01-10,3
302,2018-01-10,2
303,2018-01-10,2
304,2018-01-08,1
305,2018-01-08,3
306,2018-01-05,2
307,2018-01-05,1
308,2018-01-03,3
309,2018-01-03,3
310,2018-01-03,2
311,2018-01-02,1
312,2018-01-01,3
313,2017-12-31,2
314,2017-12-30,2
315,2017-12-29,2
316,2017-12-29,1
317,2017-12-28,2
318,2017-12-28,0
319,2017-12-27,2
320,2017-12-27,3
321,2017-12-26,2
322,2017-12-26,2
323,2017-12-26,2
324,2017-12-24,3
325,2017-12-23,3
326,2017-12-23,3
327,2017-12-22,0
328,2017-12-22,3
329,2017-12-22,2
330,2017-12-22,2
331,2017-12-22,2
332,2017-12-20,3
333,2017-12-20,2
334,2017-12-20,3
335,2017-12-20,2
336,2017-12-19,2
337,2017-12-19,2
338,2017-12-18,2
339,2017-12-18,0
340,2017-12-18,2
341,2017-12-16,2
342,2017-12-15,2
343,2017-12-15,1
344,2017-12-14,1
345,2017-12-12,2
346,2017-12-11,2
347,2017-12-09,3
348,2017-12-09,2
349,2017-12-08,1
350,2017-12-08,2
351,2017-12-06,2
352,2017-12-06,2
353,2017-12-06,3
354,2017-12-05,2
355,2017-12-04,2
356,2017-12-04,2
357,2017-12-04,3
358,2017-12-03,2
359,2017-12-02,0
360,2017-12-02,0
361,2017-12-02,3
362,2017-12-01,3
363,2017-12-01,2
364,2017-11-30,2
365,2017-11-30,2
366,2017-11-29,2
367,2017-11-29,2
368,2017-11-29,2
369,2017-11-28,3
370,2017-11-28,2
371,2017-11-28,0
372,2017-11-28,1
373,2017-11-27,1
374,2017-11-27,2
375,2017-11-25,0
376,2017-11-24,0
377,2017-11-24,2
378,2017-11-22,2
379,2017-11-22,2
380,2017-11-21,3
381,2017-11-20,2
382,2017-11-20,2
383,2017-11-18,2
384,2017-11-18,0
385,2017-11-17,3
386,2017-11-17,0
387,2017-11-17,3
388,2017-11-17,2
389,2017-11-16,2
390,2017-11-15,1
391,2017-11-15,3
392,2017-11-13,2
393,2017-11-13,2
394,2017-11-13,2
395,2017-11-11,2
396,2017-11-11,3
397,2017-11-11,2
398,2017-11-11,2
399,2017-11-10,2
400,2017-11-10,3
401,2017-11-09,2
402,2017-11-09,0
403,2017-11-09,2
404,2017-11-09,2
405,2017-11-09,1
406,2017-11-08,2
407,2017-11-08,1
408,2017-11-07,2
409,2017-11-07,2
410,2017-11-07,2
411,2017-11-04,2
412,2017-11-03,2
413,2017-11-03,2
414,2017-11-01,1
415,2017-10-31,2
416,2017-10-30,3
417,2017-10-29,2
418,2017-10-28,2
419,2017-10-28,3
420,2017-10-26,2
421,2017-10-26,1
422,2017-10-24,3
423,2017-10-23,2
424,2017-10-23,0
425,2017-10-23,3
426,2017-10-23,3
427,2017-10-22,2
428,2017-10-22,3
429,2017-10-21,2
430,2017-10-20,2
431,2017-10-20,2
432,2017-10-20,2
433,2017-10-20,2
434,2017-10-18,1
435,2017-10-17,2
436,2017-10-17,3
437,2017-10-17,3
438,2017-10-12,2
439,2017-10-12,0
440,2017-10-12,2
441,2017-10-12,2
442,2017-10-11,3
443,2017-10-10,2
444,2017-10-10,2
445,2017-10-07,2
446,2017-10-06,2
447,2017-10-04,2
448,2017-10-03,2
449,2017-10-02,3
450,2017-09-30,2
451,2017-09-30,2
452,2017-09-28,2
453,2017-09-24,0
454,2017-09-23,3
455,2017-09-23,2
456,2017-09-23,2
457,2017-09-22,2
458,2017-09-21,3
459,2017-09-17,2
460,2017-09-16,1
461,2017-09-16,2
462,2017-09-15,3
463,2017-09-13,0
464,2017-09-09,3
465,2017-09-08,2
466,2017-09-05,2
467,2017-09-04,1
468,2017-09-04,1
469,2017-09-04,3
470,2017-09-02,1
471,2017-09-02,3
472,2017-09-02,2
473,2017-08-31,0
474,2017-08-27,2
475,2017-08-27,2
476,2017-08-26,2
477,2017-08-24,2
478,2017-08-23,2
479,2017-08-22,3
480,2017-08-21,2
481,2017-08-17,2
482,2017-08-17,2
483,2017-08-11,2
484,2017-08-10,2
485,2017-08-09,3
486,2017-08-07,3
487,2017-08-06,2
488,2017-08-05,2
489,2017-08-04,2
490,2017-08-04,2
491,2017-08-02,1
492,2017-07-29,1
493,2017-07-29,2
494,2017-07-29,0
495,2017-07-29,2
496,2017-07-24,2
497,2017-07-22,2
498,2017-07-22,1
499,2017-07-22,3
500,2017-07-22,1
501,2017-07-21,0
502,2017-07-17,2
503,2017-07-17,2
504,2017-07-16,1
505,2017-07-15,0
506,2017-07-15,3
507,2017-07-15,3
508,2017-07-14,2
509,2017-07-14,2
510,2017-07-08,2
511,2017-07-08,2
512,2017-07-08,3
513,2017-07-08,2
514,2017-07-08,2
515,2017-07-07,2
516,2017-07-04,2
517,2017-07-02,2
518,2017-07-01,2
519,2017-06-28,2
520,2017-06-18,2
521,2017-06-18,3
522,2017-06-16,1
523,2017-06-11,2
524,2017-06-10,1
525,2017-06-10,2
526,2017-06-10,1
527,2017-06-10,2
528,2017-06-03,3
529,2017-06-01,2
530,2017-05-31,2
531,2017-05-30,2
532,2017-05-29,2
533,2017-05-29,2
534,2017-05-29,2
535,2017-05-29,0
536,2017-05-28,1
537,2017-05-27,2
538,2017-05-26,1
539,2017-05-21,1
540,2017-05-21,3
541,2017-05-20,1
542,2017-05-20,1
543,2017-05-19,2
544,2017-05-19,3
545,2017-05-15,2
546,2017-05-14,2
547,2017-05-14,2
548,2017-05-13,2
549,2017-05-13,3
550,2017-05-13,2
551,2017-05-12,3
552,2017-05-12,1
553,2017-05-11,2
554,2017-05-10,2
555,2017-05-09,3
556,2017-05-09,2
557,2017-05-09,2
558,2017-05-09,2
559,2017-05-09,2
560,2017-05-09,3
561,2017-05-09,3
562,2017-05-08,2
563,2017-05-06,2
564,2017-05-06,2
565,2017-05-06,3
566,2017-05-06,2
567,2017-05-05,2
568,2017-05-05,2
569,2017-05-04,2
570,2017-05-04,2
571,2017-05-03,2
572,2017-05-02,1
573,2017-05-02,1
574,2017-04-29,0
575,2017-04-29,3
576,2017-04-29,3
577,2017-04-28,2
578,2017-04-28,3
579,2017-04-28,3
580,2017-04-26,1
581,2017-04-26,2
582,2017-04-26,2
583,2017-04-25,2
584,2017-04-24,3
585,2017-04-24,2
586,2017-04-21,2
587,2017-04-20,2
588,2017-04-20,2
589,2017-04-19,2
590,2017-04-17,1
591,2017-04-15,2
592,2017-04-15,3
593,2017-04-15,3
594,2017-04-15,2
595,2017-04-14,2
596,2017-04-14,2
597,2017-04-14,2
598,2017-04-14,3
599,2017-04-14,3
600,2017-04-13,3
601,2017-04-13,0
602,2017-04-12,3
603,2017-04-12,2
604,2017-04-11,2
605,2017-04-11,3
606,2017-04-11,2
607,2017-04-11,1
608,2017-04-11,0
609,2017-04-10,3
610,2017-04-09,3
611,2017-04-08,3
612,2017-04-08,1
613,2017-04-08,2
614,2017-04-07,2
615,2017-04-05,2
616,2017-04-05,2
617,2017-04-04,3
618,2017-04-04,2
619,2017-04-04,2
620,2017-04-04,3
621,2017-04-03,2
622,2017-04-03,2
623,2017-04-01,3
624,2017-03-31,2
625,2017-03-31,3
626,2017-03-31,2
627,2017-03-31,2
628,2017-03-30,3
629,2017-03-30,2
630,2017-03-30,3
631,2017-03-29,3
632,2017-03-28,2
633,2017-03-28,2
634,2017-03-27,2
635,2017-03-27,2
636,2017-03-27,2
637,2017-03-24,2
638,2017-03-23,3
639,2017-03-22,3
640,2017-03-22,2
641,2017-03-21,3
642,2017-03-20,1
643,2017-03-19,0
644,2017-03-16,2
645,2017-03-16,0
646,2017-03-16,2
647,2017-03-15,2
648,2017-03-15,2
649,2017-03-15,2
650,2017-03-14,2
651,2017-03-13,2
652,2017-03-13,2
653,2017-03-12,3
654,2017-03-11,2
655,2017-03-11,2
656,2017-03-11,1
657,2017-03-11,3
658,2017-03-11,1
659,2017-03-10,2
660,2017-03-10,3
661,2017-03-10,2
662,2017-03-10,3
663,2017-03-10,3
664,2017-03-09,3
665,2017-03-09,2
666,2017-03-09,3
667,2017-03-08,2
668,2017-03-07,2
669,2017-03-07,2
670,2017-03-06,2
671,2017-03-05,2
672,2017-03-04,1
673,2017-03-03,3
674,2017-03-03,3
675,2017-03-03,2
676,2017-03-03,2
677,2017-03-03,2
678,2017-03-02,2
679,2017-03-02,2
680,2017-03-02,1
681,2017-03-02,1
682,2017-03-01,3
683,2017-03-01,2
684,2017-02-28,3
685,2017-02-26,3
686,2017-02-26,2
687,2017-02-25,2
688,2017-02-23,2
689,2017-02-23,2
690,2017-02-22,2
691,2017-02-22,2
692,2017-02-22,0
693,2017-02-21,2
694,2017-02-21,0
695,2017-02-21,2
696,2017-02-20,2
697,2017-02-19,1
698,2017-02-18,2
699,2017-02-18,2
700,2017-02-18,2
701,2017-02-17,2
702,2017-02-17,2
703,2017-02-17,2
704,2017-02-16,2
705,2017-02-16,2
706,2017-02-16,2
707,2017-02-16,2
708,2017-02-16,2
709,2017-02-16,2
710,2017-02-16,2
711,2017-02-16,0
712,2017-02-16,2
713,2017-02-15,3
714,2017-02-15,3
715,2017-02-15,3
716,2017-02-14,2
717,2017-02-14,2
718,2017-02-11,1
719,2017-02-11,3
720,2017-02-11,2
721,2017-02-10,3
722,2017-02-10,2
723,2017-02-10,2
724,2017-02-09,2
725,2017-02-09,2
726,2017-02-09,3
727,2017-02-08,3
728,2017-02-08,1
729,2017-02-08,2
730,2017-02-08,2
731,2017-02-07,2
732,2017-02-06,2
733,2017-02-04,2
734,2017-02-04,2
735,2017-02-04,3
736,2017-02-02,2
737,2017-02-01,3
738,2017-02-01,2
739,2017-01-31,2
740,2017-01-27,3
741,2017-01-27,3
742,2017-01-27,2
743,2017-01-27,3
744,2017-01-26,2
745,2017-01-26,2
746,2017-01-26,2
747,2017-01-26,2
748,2017-01-25,2
749,2017-01-25,2
750,2017-01-25,2
751,2017-01-24,2
752,2017-01-23,2
753,2017-01-23,2
754,2017-01-23,3
755,2017-01-21,1
756,2017-01-20,3
757,2017-01-19,2
758,2017-01-19,3
759,2017-01-18,3
760,2017-01-17,2
761,2017-01-17,2
762,2017-01-14,2
763,2017-01-14,1
764,2017-01-14,3
765,2017-01-14,2
766,2017-01-13,2
767,2017-01-12,1
768,2017-01-11,2
769,2017-01-11,2
770,2017-01-11,2
771,2017-01-11,3
772,2017-01-11,2
773,2017-01-11,2
774,2017-01-10,0
775,2017-01-10,2
776,2017-01-09,2
777,2017-01-07,3
778,2017-01-07,2
779,2017-01-07,3
780,2017-01-07,2
781,2017-01-07,3
782,2017-01-06,1
783,2017-01-06,0
784,2017-01-05,2
785,2017-01-04,2
786,2017-01-04,2
787,2017-01-03,2
788,2017-01-03,2
789,2017-01-03,2
790,2017-01-02,2
791,2017-01-02,2
792,2017-01-01,2
793,2016-12-30,1
794,2016-12-30,2
795,2016-12-30,2
796,2016-12-30,3
797,2016-12-29,2
798,2016-12-28,2
799,2016-12-28,1
800,2016-12-27,1
801,2016-12-27,2
802,2016-12-27,0
803,2016-12-26,2
804,2016-12-26,2
805,2016-12-25,2
806,2016-12-25,2
807,2016-12-24,3
808,2016-12-24,2
809,2016-12-24,2
810,2016-12-24,3
811,2016-12-24,2
812,2016-12-24,3
813,2016-12-24,2
814,2016-12-23,2
815,2016-12-23,0
816,2016-12-23,2
817,2016-12-23,3
818,2016-12-23,2
819,2016-12-23,3
820,2016-12-22,2
821,2016-12-22,2
822,2016-12-22,1
823,2016-12-21,2
824,2016-12-21,2
825,2016-12-21,2
826,2016-12-21,2
827,2016-12-21,2
828,2016-12-20,3
829,2016-12-19,3
830,2016-12-19,2
831,2016-12-19,2
832,2016-12-19,2
833,2016-12-18,3
834,2016-12-18,1
835,2016-12-17,2
836,2016-12-17,2
837,2016-12-17,2
838,2016-12-16,2
839,2016-12-16,2
840,2016-12-16,2
841,2016-12-16,2
842,2016-12-16,2
843,2016-12-15,3
844,2016-12-14,0
845,2016-12-14,2
846,2016-12-14,3
847,2016-12-13,2
848,2016-12-13,3
849,2016-12-12,2
850,2016-12-12,2
851,2016-12-11,2
852,2016-12-11,2
853,2016-12-10,2
854,2016-12-10,3
855,2016-12-09,2
856,2016-12-09,3
857,2016-12-09,3
858,2016-12-07,2
859,2016-12-07,3
860,2016-12-06,2
861,2016-12-06,2
862,2016-12-05,0
863,2016-12-05,2
864,2016-12-04,2
865,2016-12-04,3
866,2016-12-04,1
867,2016-12-04,1
868,2016-12-03,2
869,2016-12-03,2
870,2016-12-03,2
871,2016-12-02,2
872,2016-12-02,3
873,2016-12-02,2
874,2016-12-02,2
875,2016-12-02,3
876,2016-12-01,2
877,2016-11-30,2
878,2016-11-29,2
879,2016-11-29,2
880,2016-11-28,2
881,2016-11-28,2
882,2016-11-28,2
883,2016-11-28,2
884,2016-11-28,2
885,2016-11-27,1
886,2016-11-26,3
887,2016-11-25,2
888,2016-11-25,2
889,2016-11-25,3
890,2016-11-25,2
891,2016-11-24,2
892,2016-11-24,2
893,2016-11-24,2
894,2016-11-24,3
895,2016-11-22,2
896,2016-11-22,2
897,2016-11-22,2
898,2016-11-22,2
899,2016-11-22,1
900,2016-11-21,2
901,2016-11-21,2
902,2016-11-21,2
903,2016-11-19,2
904,2016-11-19,2
905,2016-11-18,2
906,2016-11-18,2
907,2016-11-16,2
908,2016-11-15,2
909,2016-11-15,2
910,2016-11-13,3
911,2016-11-12,2
912,2016-11-12,2
913,2016-11-12,3
914,2016-11-12,2
915,2016-11-10,1
916,2016-11-09,2
917,2016-11-08,2
918,2016-11-07,1
919,2016-11-07,2
920,2016-11-06,3
921,2016-11-05,2
922,2016-11-05,0
923,2016-11-05,2
924,2016-11-05,2
925,2016-11-05,2
926,2016-11-04,2
927,2016-11-01,2
928,2016-11-01,3
929,2016-10-31,2
930,2016-10-31,2
931,2016-10-31,2
932,2016-10-30,3
933,2016-10-30,3
934,2016-10-30,1
935,2016-10-30,2
936,2016-10-30,2
937,2016-10-29,3
938,2016-10-29,2
939,2016-10-28,3
940,2016-10-28,3
941,2016-10-28,2
942,2016-10-27,2
943,2016-10-27,2
944,2016-10-27,2
945,2016-10-25,2
946,2016-10-25,2
947,2016-10-25,2
948,2016-10-25,0
949,2016-10-25,1
950,2016-10-25,2
951,2016-10-24,0
952,2016-10-21,2
953,2016-10-21,1
954,2016-10-19,2
955,2016-10-19,2
956,2016-10-18,3
957,2016-10-18,1
958,2016-10-18,2
959,2016-10-18,3
960,2016-10-18,3
961,2016-10-18,2
962,2016-10-17,2
963,2016-10-17,3
964,2016-10-17,2
965,2016-10-15,2
966,2016-10-15,2
967,2016-10-15,2
968,2016-10-13,2
969,2016-10-13,2
970,2016-10-12,2
971,2016-10-12,2
972,2016-10-10,0
973,2016-10-09,2
974,2016-10-08,3
975,2016-10-07,2
976,2016-10-07,0
977,2016-10-07,2
978,2016-10-06,2
979,2016-10-06,0
980,2016-10-05,2
981,2016-10-05,1
982,2016-10-05,2
983,2016-10-04,1
984,2016-10-03,2
985,2016-10-02,2
986,2016-10-02,2
987,2016-09-30,1
988,2016-09-29,2
989,2016-09-27,2
990,2016-09-27,3
991,2016-09-27,2
992,2016-09-27,2
993,2016-09-26,2
994,2016-09-26,0
995,2016-09-25,2
996,2016-09-25,2
997,2016-09-25,0
998,2016-09-24,3
999,2016-09-24,2
1000,2016-09-23,0
1001,2016-09-22,3
1002,2016-09-21,3
1003,2016-09-21,3
1004,2016-09-20,2
1005,2016-09-20,3
1006,2016-09-20,2
1007,2016-09-20,2
1008,2016-09-17,2
1009,2016-09-16,2
1010,2016-09-14,2
1011,2016-09-14,3
1012,2016-09-13,3
1013,2016-09-13,1
1014,2016-09-13,3
1015,2016-09-12,2
1016,2016-09-12,3
1017,2016-09-09,2
1018,2016-09-09,2
1019,2016-09-07,3
1020,2016-09-06,2
1021,2016-09-06,2
1022,2016-09-05,3
1023,2016-09-05,1
1024,2016-09-04,3
1025,2016-09-04,2
1026,2016-09-04,2
1027,2016-09-04,2
1028,2016-09-03,2
1029,2016-09-03,2
1030,2016-09-02,2
1031,2016-09-02,1
1032,2016-09-01,2
1033,2016-09-01,2
1034,2016-09-01,2
1035,2016-09-01,3
1036,2016-09-01,2
1037,2016-08-31,2
1038,2016-08-30,2
1039,2016-08-29,2
1040,2016-08-29,2
1041,2016-08-29,2
1042,2016-08-28,2
1043,2016-08-27,2
1044,2016-08-26,3
1045,2016-08-26,2
1046,2016-08-25,0
1047,2016-08-25,1
1048,2016-08-24,3
1049,2016-08-23,2
1050,2016-08-23,2
1051,2016-08-22,2
1052,2016-08-22,2
1053,2016-08-22,1
1054,2016-08-22,3
1055,2016-08-21,2
1056,2016-08-19,2
1057,2016-08-19,3
1058,2016-08-18,2
1059,2016-08-18,2
1060,2016-08-15,2
1061,2016-08-15,3
1062,2016-08-14,2
1063,2016-08-13,0
1064,2016-08-09,2
1065,2016-08-09,2
1066,2016-08-09,3
1067,2016-08-08,1
1068,2016-08-07,2
1069,2016-08-07,2
1070,2016-08-07,2
1071,2016-08-07,0
1072,2016-08-07,2
1073,2016-08-06,2
1074,2016-08-06,2
1075,2016-08-05,2
1076,2016-08-05,2
1077,2016-08-05,2
1078,2016-08-04,3
1079,2016-08-04,1
1080,2016-08-03,1
1081,2016-08-02,3
1082,2016-08-02,3
1083,2016-08-01,2
1084,2016-08-01,2
1085,2016-07-31,2
1086,2016-07-31,3
1087,2016-07-30,3
1088,2016-07-30,2
1089,2016-07-30,3
1090,2016-07-29,2
1091,2016-07-29,2
1092,2016-07-28,2
1093,2016-07-28,1
1094,2016-07-27,2
1095,2016-07-26,3
1096,2016-07-26,2
1097,2016-07-25,2
1098,2016-07-25,2
1099,2016-07-25,2
1100,2016-07-24,1
1101,2016-07-24,0
1102,2016-07-23,2
1103,2016-07-23,2
1104,2016-07-23,3
1105,2016-07-22,2
1106,2016-07-21,2
1107,2016-07-21,2
1108,2016-07-20,2
1109,2016-07-20,3
1110,2016-07-20,0
1111,2016-07-20,2
1112,2016-07-19,2
1113,2016-07-19,2
1114,2016-07-18,2
1115,2016-07-18,2
1116,2016-07-18,2
1117,2016-07-17,2
1118,2016-07-17,2
1119,2016-07-16,3
1120,2016-07-16,0
1121,2016-07-16,2
1122,2016-07-15,3
1123,2016-07-14,2
1124,2016-07-14,2
1125,2016-07-14,2
1126,2016-07-13,2
1127,2016-07-13,2
1128,2016-07-13,3
1129,2016-07-12,2
1130,2016-07-12,2
1131,2016-07-12,2
1132,2016-07-12,3
1133,2016-07-12,2
1134,2016-07-12,2
1135,2016-07-11,2
1136,2016-07-11,2
1137,2016-07-11,2
1138,2016-07-11,2
1139,2016-07-11,3
1140,2016-07-11,2
1141,2016-07-11,2
1142,2016-07-10,2
1143,2016-07-09,2
1144,2016-07-09,2
1145,2016-07-09,3
1146,2016-07-07,2
1147,2016-07-07,1
1148,2016-07-06,2
1149,2016-07-06,2
1150,2016-07-06,2
1151,2016-07-06,2
1152,2016-07-05,1
1153,2016-07-05,2
1154,2016-07-05,2
1155,2016-07-04,3
1156,2016-07-04,3
1157,2016-07-04,2
1158,2016-07-04,3
1159,2016-07-04,2
1160,2016-07-03,2
1161,2016-07-02,2
1162,2016-07-02,2
1163,2016-07-02,3
1164,2016-07-02,2
1165,2016-07-02,2
1166,2016-07-02,2
1167,2016-07-01,2
1168,2016-07-01,2
1169,2016-07-01,2
1170,2016-07-01,3
1171,2016-07-01,2
1172,2016-07-01,3
1173,2016-06-30,3
1174,2016-06-30,2
1175,2016-06-29,2
1176,2016-06-29,1
1177,2016-06-28,3
1178,2016-06-28,2
1179,2016-06-28,2
1180,2016-06-28,2
1181,2016-06-28,2
1182,2016-06-28,3
1183,2016-06-27,2
1184,2016-06-27,2
1185,2016-06-27,2
1186,2016-06-26,2
1187,2016-06-26,2
1188,2016-06-26,2
1189,2016-06-25,2
1190,2016-06-25,2
1191,2016-06-25,3
1192,2016-06-25,3
1193,2016-06-25,2
1194,2016-06-24,2
1195,2016-06-24,0
1196,2016-06-24,2
1197,2016-06-23,2
1198,2016-06-23,3
1199,2016-06-23,3
1200,2016-06-22,3
1201,2016-06-21,2
1202,2016-06-21,0
1203,2016-06-21,2
1204,2016-06-21,2
1205,2016-06-21,2
1206,2016-06-20,2
1207,2016-06-20,2
1208,2016-06-19,1
1209,2016-06-18,3
1210,2016-06-17,2
1211,2016-06-17,2
1212,2016-06-17,3
1213,2016-06-17,2
1214,2016-06-17,3
1215,2016-06-17,3
1216,2016-06-15,2
1217,2016-06-15,2
1218,2016-06-14,2
1219,2016-06-13,2
1220,2016-06-13,2
1221,2016-06-11,2
1222,2016-06-11,2
1223,2016-06-10,2
1224,2016-06-09,2
1225,2016-06-09,2
1226,2016-06-09,2
1227,2016-06-08,2
1228,2016-06-08,3
1229,2016-06-08,2
1230,2016-06-07,2
1231,2016-06-06,3
1232,2016-06-06,1
1233,2016-06-04,2
1234,2016-06-04,1
1235,2016-06-03,2
1236,2016-06-01,2
1237,2016-05-31,2
1238,2016-05-31,2
1239,2016-05-30,3
1240,2016-05-30,3
1241,2016-05-30,2
1242,2016-05-30,3
1243,2016-05-30,2
1244,2016-05-30,0
1245,2016-05-30,2
1246,2016-05-29,0
1247,2016-05-29,2
1248,2016-05-28,2
1249,2016-05-28,2
1250,2016-05-28,2
1251,2016-05-28,2
1252,2016-05-27,2
1253,2016-05-27,2
1254,2016-05-27,0
1255,2016-05-26,2
1256,2016-05-26,1
1257,2016-05-26,3
1258,2016-05-25,3
1259,2016-05-25,2
1260,2016-05-25,2
1261,2016-05-25,1
1262,2016-05-25,2
1263,2016-05-24,2
1264,2016-05-24,3
1265,2016-05-24,2
1266,2016-05-23,2
1267,2016-05-23,2
1268,2016-05-23,2
1269,2016-05-23,2
1270,2016-05-23,2
1271,2016-05-22,2
1272,2016-05-22,2
1273,2016-05-21,2
1274,2016-05-21,2
1275,2016-05-21,0
1276,2016-05-21,2
1277,2016-05-21,2
1278,2016-05-20,2
1279,2016-05-20,2
1280,2016-05-19,2
1281,2016-05-18,2
1282,2016-05-18,2
1283,2016-05-18,2
1284,2016-05-17,2
1285,2016-05-16,2
1286,2016-05-16,2
1287,2016-05-16,2
1288,2016-05-16,2
1289,2016-05-16,3
1290,2016-05-15,2
1291,2016-05-15,1
1292,2016-05-15,2
1293,2016-05-14,2
1294,2016-05-14,3
1295,2016-05-14,3
1296,2016-05-13,2
1297,2016-05-13,2
1298,2016-05-13,3
1299,2016-05-11,2
1300,2016-05-11,1
1301,2016-05-10,2
1302,2016-05-09,2
1303,2016-05-09,2
1304,2016-05-09,3
1305,2016-05-07,2
1306,2016-05-07,3
1307,2016-05-07,2
1308,2016-05-07,2
1309,2016-05-06,3
1310,2016-05-06,2
1311,2016-05-04,1
1312,2016-05-04,3
1313,2016-05-01,3
1314,2016-05-01,2
1315,2016-04-30,2
1316,2016-04-30,2
1317,2016-04-30,2
1318,2016-04-30,2
1319,2016-04-30,3
1320,2016-04-30,2
1321,2016-04-29,2
1322,2016-04-29,2
1323,2016-04-29,2
1324,2016-04-29,2
1325,2016-04-29,3
1326,2016-04-29,3
1327,2016-04-28,0
1328,2016-04-28,3
1329,2016-04-28,0
1330,2016-04-28,2
1331,2016-04-28,0
1332,2016-04-26,3
1333,2016-04-26,2
1334,2016-04-25,2
1335,2016-04-25,2
1336,2016-04-25,2
1337,2016-04-25,2
1338,2016-04-24,1
1339,2016-04-23,0
1340,2016-04-22,2
1341,2016-04-22,2
1342,2016-04-22,3
1343,2016-04-22,2
1344,2016-04-20,3
1345,2016-04-20,2
1346,2016-04-20,0
1347,2016-04-20,1
1348,2016-04-19,2
1349,2016-04-19,2
1350,2016-04-18,2
1351,2016-04-18,3
1352,2016-04-18,1
1353,2016-04-18,3
1354,2016-04-17,2
1355,2016-04-16,3
1356,2016-04-15,2
1357,2016-04-15,2
1358,2016-04-13,2
1359,2016-04-13,2
1360,2016-04-11,2
1361,2016-04-11,2
1362,2016-04-11,3
1363,2016-04-10,3
1364,2016-04-10,2
1365,2016-04-10,3
1366,2016-04-10,2
1367,2016-04-09,2
1368,2016-04-09,3
1369,2016-04-09,2
1370,2016-04-08,1
1371,2016-04-08,2
1372,2016-04-08,2
1373,2016-04-08,0
1374,2016-04-06,2
1375,2016-04-06,2
1376,2016-04-05,2
1377,2016-04-05,2
1378,2016-04-05,0
1379,2016-04-04,2
1380,2016-04-04,2
1381,2016-04-04,2
1382,2016-04-03,2
1383,2016-04-03,0
1384,2016-04-03,2
1385,2016-04-03,3
1386,2016-04-03,2
1387,2016-04-02,3
1388,2016-04-01,2
1389,2016-04-01,1
1390,2016-04-01,2
1391,2016-04-01,3
1392,2016-04-01,1
1393,2016-04-01,2
1394,2016-03-31,2
1395,2016-03-30,2
1396,2016-03-30,2
1397,2016-03-29,1
1398,2016-03-29,2
1399,2016-03-28,2
1400,2016-03-27,2
1401,2016-03-27,2
1402,2016-03-27,2
1403,2016-03-27,2
1404,2016-03-27,2
1405,2016-03-26,2
1406,2016-03-26,1
1407,2016-03-25,2
1408,2016-03-25,2
1409,2016-03-25,2
1410,2016-03-24,2
1411,2016-03-24,3
1412,2016-03-23,2
1413,2016-03-23,0
1414,2016-03-23,2
1415,2016-03-22,2
1416,2016-03-22,3
1417,2016-03-22,2
1418,2016-03-22,2
1419,2016-03-21,0
1420,2016-03-21,0
1421,2016-03-20,2
1422,2016-03-20,1
1423,2016-03-20,1
1424,2016-03-19,2
1425,2016-03-19,2
1426,2016-03-19,2
1427,2016-03-18,2
1428,2016-03-18,2
1429,2016-03-18,3
1430,2016-03-18,3
1431,2016-03-17,2
1432,2016-03-15,2
1433,2016-03-14,2
1434,2016-03-14,2
1435,2016-03-13,2
1436,2016-03-12,2
1437,2016-03-12,2
1438,2016-03-12,3
1439,2016-03-12,0
1440,2016-03-12,2
1441,2016-03-11,3
1442,2016-03-11,2
1443,2016-03-11,3
1444,2016-03-10,2
1445,2016-03-10,3
1446,2016-03-10,2
1447,2016-03-10,3
1448,2016-03-10,2
1449,2016-03-09,2
1450,2016-03-09,1
1451,2016-03-08,2
1452,2016-03-08,2
1453,2016-03-08,0
1454,2016-03-07,3
1455,2016-03-06,3
1456,2016-03-06,2
1457,2016-03-05,2
1458,2016-03-05,3
1459,2016-03-05,2
1460,2016-03-04,2
1461,2016-03-04,2
1462,2016-03-04,2
1463,2016-03-03,2
1464,2016-03-03,3
1465,2016-03-02,1
1466,2016-03-02,2
1467,2016-03-01,3
1468,2016-03-01,2
1469,2016-03-01,2
1470,2016-03-01,2
1471,2016-02-29,2
1472,2016-02-29,2
1473,2016-02-29,3
1474,2016-02-28,0
1475,2016-02-28,1
1476,2016-02-28,2
1477,2016-02-27,0
1478,2016-02-27,2
1479,2016-02-27,2
1480,2016-02-27,2
1481,2016-02-26,2
1482,2016-02-26,2
1483,2016-02-26,2
1484,2016-02-26,2
1485,2016-02-25,2
1486,2016-02-25,2
1487,2016-02-25,3
1488,2016-02-25,3
1489,2016-02-25,2
1490,2016-02-24,2
1491,2016-02-23,2
1492,2016-02-23,2
1493,2016-02-23,3
1494,2016-02-22,2
1495,2016-02-22,2
1496,2016-02-22,2
1497,2016-02-22,2
1498,2016-02-21,2
1499,2016-02-21,2
1500,2016-02-20,3
1501,2016-02-20,0
1502,2016-02-20,2
1503,2016-02-20,2
1504,2016-02-20,2
1505,2016-02-19,3
1506,2016-02-19,1
1507,2016-02-19,2
1508,2016-02-19,3
1509,2016-02-19,2
1510,2016-02-18,1
1511,2016-02-18,3
1512,2016-02-18,3
1513,2016-02-18,1
1514,2016-02-17,2
1515,2016-02-17,0
1516,2016-02-16,2
1517,2016-02-15,2
1518,2016-02-14,3
1519,2016-02-14,2
1520,2016-02-14,2
1521,2016-02-13,2
1522,2016-02-13,3
1523,2016-02-13,2
1524,2016-02-13,3
1525,2016-02-12,2
1526,2016-02-12,2
1527,2016-02-11,2
1528,2016-02-11,2
1529,2016-02-10,1
1530,2016-02-10,2
1531,2016-02-10,2
1532,2016-02-10,3
1533,2016-02-09,2
1534,2016-02-09,2
1535,2016-02-09,2
1536,2016-02-09,2
1537,2016-02-08,2
1538,2016-02-08,2
1539,2016-02-07,3
1540,2016-02-07,2
1541,2016-02-07,1
1542,2016-02-07,2
1543,2016-02-07,2
1544,2016-02-07,2
1545,2016-02-06,2
1546,2016-02-06,3
1547,2016-02-04,2
1548,2016-02-04,1
1549,2016-02-04,3
1550,2016-02-04,3
1551,2016-02-03,1
1552,2016-02-03,2
1553,2016-02-03,2
1554,2016-02-03,2
1555,2016-01-31,3
1556,2016-01-31,2
1557,2016-01-30,2
1558,2016-01-30,2
1559,2016-01-30,3
1560,2016-01-30,2
1561,2016-01-30,2
1562,2016-01-30,2
1563,2016-01-30,2
1564,2016-01-29,3
1565,2016-01-29,2
1566,2016-01-28,3
1567,2016-01-28,2
1568,2016-01-27,1
1569,2016-01-27,2
1570,2016-01-27,2
1571,2016-01-27,2
1572,2016-01-27,2
1573,2016-01-26,3
1574,2016-01-26,1
1575,2016-01-26,2
1576,2016-01-26,2
1577,2016-01-26,3
1578,2016-01-25,3
1579,2016-01-25,3
1580,2016-01-25,2
1581,2016-01-25,2
1582,2016-01-24,1
1583,2016-01-23,2
1584,2016-01-23,3
1585,2016-01-23,2
1586,2016-01-23,3
1587,2016-01-23,2
1588,2016-01-23,2
1589,2016-01-22,3
1590,2016-01-22,2
1591,2016-01-22,2
1592,2016-01-22,2
1593,2016-01-21,2
1594,2016-01-21,3
1595,2016-01-21,2
1596,2016-01-21,2
1597,2016-01-20,2
1598,2016-01-17,2
1599,2016-01-17,2
1600,2016-01-17,2
1601,2016-01-16,2
1602,2016-01-16,2
1603,2016-01-16,3
1604,2016-01-16,2
1605,2016-01-16,2
1606,2016-01-15,2
1607,2016-01-15,2
1608,2016-01-15,0
1609,2016-01-15,3
1610,2016-01-14,1
1611,2016-01-14,3
1612,2016-01-14,2
1613,2016-01-13,2
1614,2016-01-12,1
1615,2016-01-12,2
1616,2016-01-12,2
1617,2016-01-11,2
1618,2016-01-11,3
1619,2016-01-11,1
1620,2016-01-10,0
1621,2016-01-10,3
1622,2016-01-10,0
1623,2016-01-10,2
1624,2016-01-10,3
1625,2016-01-09,3
1626,2016-01-09,0
1627,2016-01-09,3
1628,2016-01-09,2
1629,2016-01-09,0
1630,2016-01-08,3
1631,2016-01-08,1
1632,2016-01-08,1
1633,2016-01-08,2
1634,2016-01-08,2
1635,2016-01-08,3
1636,2016-01-07,3
1637,2016-01-07,3
1638,2016-01-07,2
1639,2016-01-07,2
1640,2016-01-07,2
1641,2016-01-07,2
1642,2016-01-07,2
1643,2016-01-06,2
1644,2016-01-06,1
1645,2016-01-06,2
1646,2016-01-05,2
1647,2016-01-05,2
1648,2016-01-05,3
1649,2016-01-04,1
1650,2016-01-04,3
1651,2016-01-04,2
1652,2016-01-03,2
1653,2016-01-03,1
1654,2016-01-02,2
1655,2016-01-02,2
1656,2016-01-02,2
1657,2016-01-02,2
1658,2016-01-01,2
1659,2016-01-01,2
1660,2016-01-01,2
1661,2016-01-01,2
1662,2016-01-01,2
1663,2015-12-31,2
1664,2015-12-31,2
1665,2015-12-30,1
1666,2015-12-30,2
1667,2015-12-30,2
1668,2015-12-29,1
1669,2015-12-29,2
1670,2015-12-29,3
1671,2015-12-29,3
1672,2015-12-29,1
1673,2015-12-29,2
1674,2015-12-28,1
1675,2015-12-28,3
1676,2015-12-27,0
1677,2015-12-27,2
1678,2015-12-27,2
1679,2015-12-27,2
1680,2015-12-27,2
1681,2015-12-27,3
1682,2015-12-27,3
1683,2015-12-27,2
1684,2015-12-26,2
1685,2015-12-25,2
1686,2015-12-25,2
1687,2015-12-25,2
1688,2015-12-25,2
1689,2015-12-24,2
1690,2015-12-24,3
1691,2015-12-23,0
1692,2015-12-23,2
1693,2015-12-22,1
1694,2015-12-22,2
1695,2015-12-22,2
1696,2015-12-22,2
1697,2015-12-22,2
1698,2015-12-22,0
1699,2015-12-22,2
1700,2015-12-22,1
1701,2015-12-21,2
1702,2015-12-21,2
1703,2015-12-21,2
1704,2015-12-21,3
1705,2015-12-21,2
1706,2015-12-20,2
1707,2015-12-20,2
1708,2015-12-20,2
1709,2015-12-20,3
1710,2015-12-19,2
1711,2015-12-19,2
1712,2015-12-19,2
1713,2015-12-18,2
1714,2015-12-18,2
1715,2015-12-18,2
1716,2015-12-17,3
1717,2015-12-17,1
1718,2015-12-17,0
1719,2015-12-16,3
1720,2015-12-16,1
1721,2015-12-16,2
1722,2015-12-16,2
1723,2015-12-15,1
1724,2015-12-15,0
1725,2015-12-15,2
1726,2015-12-14,1
1727,2015-12-14,1
1728,2015-12-14,2
1729,2015-12-14,3
1730,2015-12-14,2
1731,2015-12-14,2
1732,2015-12-14,2
1733,2015-12-13,2
1734,2015-12-13,2
1735,2015-12-13,2
1736,2015-12-13,2
1737,2015-12-13,2
1738,2015-12-13,2
1739,2015-12-12,0
1740,2015-12-12,0
1741,2015-12-12,2
1742,2015-12-11,3
1743,2015-12-11,2
1744,2015-12-10,2
1745,2015-12-10,2
1746,2015-12-10,2
1747,2015-12-10,2
1748,2015-12-09,2
1749,2015-12-09,3
1750,2015-12-09,2
1751,2015-12-09,2
1752,2015-12-08,2
1753,2015-12-08,1
1754,2015-12-08,2
1755,2015-12-08,2
1756,2015-12-07,0
1757,2015-12-06,2
1758,2015-12-06,2
1759,2015-12-06,2
1760,2015-12-05,2
1761,2015-12-05,2
1762,2015-12-05,1
1763,2015-12-04,1
1764,2015-12-04,2
1765,2015-12-03,2
1766,2015-12-03,2
1767,2015-12-02,3
1768,2015-12-02,2
1769,2015-12-01,0
1770,2015-11-30,1
1771,2015-11-30,2
1772,2015-11-30,2
1773,2015-11-30,1
1774,2015-11-30,2
1775,2015-11-29,3
1776,2015-11-29,2
1777,2015-11-28,2
1778,2015-11-28,2
1779,2015-11-28,2
1780,2015-11-28,2
1781,2015-11-27,2
1782,2015-11-27,0
1783,2015-11-27,2
1784,2015-11-27,3
1785,2015-11-27,2
1786,2015-11-26,2
1787,2015-11-26,0
1788,2015-11-26,2
1789,2015-11-26,2
1790,2015-11-26,2
1791,2015-11-26,2
1792,2015-11-26,2
1793,2015-11-25,1
1794,2015-11-25,2
1795,2015-11-25,2
1796,2015-11-25,3
1797,2015-11-25,2
1798,2015-11-24,1
1799,2015-11-23,3
1800,2015-11-23,2
1801,2015-11-22,3
1802,2015-11-22,2
1803,2015-11-22,2
1804,2015-11-21,2
1805,2015-11-21,3
1806,2015-11-21,2
1807,2015-11-20,2
1808,2015-11-20,2
1809,2015-11-20,3
1810,2015-11-20,2
1811,2015-11-19,1
1812,2015-11-19,2
1813,2015-11-19,1
1814,2015-11-19,2
1815,2015-11-19,2
1816,2015-11-18,2
1817,2015-11-18,2
1818,2015-11-18,1
1819,2015-11-17,2
1820,2015-11-17,2
1821,2015-11-17,3
1822,2015-11-17,2
1823,2015-11-17,0
1824,2015-11-17,0
1825,2015-11-16,2
1826,2015-11-16,2
1827,2015-11-15,2
1828,2015-11-15,2
1829,2015-11-15,2
1830,2015-11-15,2
1831,2015-11-15,2
1832,2015-11-15,2
1833,2015-11-15,2
1834,2015-11-15,3
1835,2015-11-15,2
1836,2015-11-14,2
1837,2015-11-14,2
1838,2015-11-13,3
1839,2015-11-13,2
1840,2015-11-13,2
1841,2015-11-12,2
1842,2015-11-12,2
1843,2015-11-12,3
1844,2015-11-12,3
1845,2015-11-12,2
1846,2015-11-12,2
1847,2015-11-12,2
1848,2015-11-11,3
1849,2015-11-10,3
1850,2015-11-10,2
1851,2015-11-10,1
1852,2015-11-09,3
1853,2015-11-09,3
1854,2015-11-09,0
1855,2015-11-09,1
1856,2015-11-08,2
1857,2015-11-08,2
1858,2015-11-07,1
1859,2015-11-06,2
1860,2015-11-06,2
1861,2015-11-06,2
1862,2015-11-05,2
1863,2015-11-05,2
1864,2015-11-04,1
1865,2015-11-04,1
1866,2015-11-04,2
1867,2015-11-04,2
1868,2015-11-04,1
1869,2015-11-03,1
1870,2015-11-03,1
1871,2015-11-03,2
1872,2015-11-03,2
1873,2015-11-03,3
1874,2015-11-02,2
1875,2015-11-02,0
1876,2015-10-31,2
1877,2015-10-31,3
1878,2015-10-31,1
1879,2015-10-31,1
1880,2015-10-30,2
1881,2015-10-30,2
1882,2015-10-30,2
1883,2015-10-30,2
1884,2015-10-29,2
1885,2015-10-29,2
1886,2015-10-29,0
1887,2015-10-29,2
1888,2015-10-29,1
1889,2015-10-29,1
1890,2015-10-29,2
1891,2015-10-29,2
1892,2015-10-28,2
1893,2015-10-28,2
1894,2015-10-28,2
1895,2015-10-28,1
1896,2015-10-28,2
1897,2015-10-28,1
1898,2015-10-28,2
1899,2015-10-28,3
1900,2015-10-27,0
1901,2015-10-27,2
1902,2015-10-27,3
1903,2015-10-27,1
1904,2015-10-27,1
1905,2015-10-26,2
1906,2015-10-26,3
1907,2015-10-26,2
1908,2015-10-26,3
1909,2015-10-26,1
1910,2015-10-24,2
1911,2015-10-24,0
1912,2015-10-24,1
1913,2015-10-24,2
1914,2015-10-23,2
1915,2015-10-23,2
1916,2015-10-23,2
1917,2015-10-23,2
1918,2015-10-23,2
1919,2015-10-23,2
1920,2015-10-23,2
1921,2015-10-23,1
1922,2015-10-23,0
1923,2015-10-23,0
1924,2015-10-23,2
1925,2015-10-23,2
1926,2015-10-22,2
1927,2015-10-22,3
1928,2015-10-22,2
1929,2015-10-22,2
1930,2015-10-22,3
1931,2015-10-22,2
1932,2015-10-22,0
1933,2015-10-22,3
1934,2015-10-22,2
1935,2015-10-20,2
1936,2015-10-20,3
1937,2015-10-20,1
1938,2015-10-20,3
1939,2015-10-19,2
1940,2015-10-19,2
1941,2015-10-19,2
1942,2015-10-19,2
1943,2015-10-18,2
1944,2015-10-18,2
1945,2015-10-17,0
1946,2015-10-17,2
1947,2015-10-17,2
1948,2015-10-17,2
1949,2015-10-16,3
1950,2015-10-16,2
1951,2015-10-16,2
1952,2015-10-16,1
1953,2015-10-16,0
1954,2015-10-16,2
1955,2015-10-16,2
1956,2015-10-16,1
1957,2015-10-16,0
1958,2015-10-15,1
1959,2015-10-15,2
1960,2015-10-15,1
1961,2015-10-14,2
1962,2015-10-14,2
1963,2015-10-14,2
1964,2015-10-14,3
1965,2015-10-14,3
1966,2015-10-13,2
1967,2015-10-13,2
1968,2015-10-13,2
1969,2015-10-12,2
1970,2015-10-10,2
1971,2015-10-10,2
1972,2015-10-10,2
1973,2015-10-10,2
1974,2015-10-10,2
1975,2015-10-09,2
1976,2015-10-09,2
1977,2015-10-09,2
1978,2015-10-09,2
1979,2015-10-09,2
1980,2015-10-09,0
1981,2015-10-09,1
1982,2015-10-08,1
1983,2015-10-08,3
1984,2015-10-07,2
1985,2015-10-06,2
1986,2015-10-05,1
1987,2015-10-05,2
1988,2015-10-05,2
1989,2015-10-03,2
1990,2015-10-02,2
1991,2015-10-02,2
1992,2015-10-01,3
1993,2015-10-01,2
1994,2015-10-01,2
1995,2015-10-01,2
1996,2015-10-01,2
1997,2015-09-30,2
1998,2015-09-30,2
1999,2015-09-30,2
2000,2015-09-30,1
2001,2015-09-30,2
2002,2015-09-29,3
2003,2015-09-29,3
2004,2015-09-29,1
2005,2015-09-29,2
2006,2015-09-29,2
2007,2015-09-28,1
2008,2015-09-28,2
2009,2015-09-28,1
2010,2015-09-28,2
2011,2015-09-28,0
2012,2015-09-27,3
2013,2015-09-27,2
2014,2015-09-26,2
2015,2015-09-26,2
2016,2015-09-25,1
2017,2015-09-25,2
2018,2015-09-25,2
2019,2015-09-25,0
2020,2015-09-25,0
2021,2015-09-25,3
2022,2015-09-25,2
2023,2015-09-25,2
2024,2015-09-25,2
2025,2015-09-24,2
2026,2015-09-24,2
2027,2015-09-24,2
2028,2015-09-24,2
2029,2015-09-23,2
2030,2015-09-23,2
2031,2015-09-23,2
2032,2015-09-23,3
2033,2015-09-23,2
2034,2015-09-22,2
2035,2015-09-22,2
2036,2015-09-22,2
2037,2015-09-22,2
2038,2015-09-22,2
2039,2015-09-22,2
2040,2015-09-21,2
2041,2015-09-21,2
2042,2015-09-20,2
2043,2015-09-19,2
2044,2015-09-19,3
2045,2015-09-18,0
2046,2015-09-18,2
2047,2015-09-18,1
2048,2015-09-17,2
2049,2015-09-17,1
2050,2015-09-17,2
2051,2015-09-17,1
2052,2015-09-17,2
2053,2015-09-16,3
2054,2015-09-16,1
2055,2015-09-16,1
2056,2015-09-15,2
2057,2015-09-15,2
2058,2015-09-15,3
2059,2015-09-15,2
2060,2015-09-14,1
2061,2015-09-14,2
2062,2015-09-14,2
2063,2015-09-14,2
2064,2015-09-13,2
2065,2015-09-13,2
2066,2015-09-13,2
2067,2015-09-12,2
2068,2015-09-11,2
2069,2015-09-11,2
2070,2015-09-11,2
2071,2015-09-10,2
2072,2015-09-10,2
2073,2015-09-10,2
2074,2015-09-10,2
2075,2015-09-10,2
2076,2015-09-10,2
2077,2015-09-09,3
2078,2015-09-09,1
2079,2015-09-09,2
2080,2015-09-08,2
2081,2015-09-08,3
2082,2015-09-08,2
2083,2015-09-08,1
2084,2015-09-08,3
2085,2015-09-06,3
2086,2015-09-05,3
2087,2015-09-05,2
2088,2015-09-05,2
2089,2015-09-04,2
2090,2015-09-04,2
2091,2015-09-04,1
2092,2015-09-04,2
2093,2015-09-04,2
2094,2015-09-04,3
2095,2015-09-04,3
2096,2015-09-04,3
2097,2015-09-04,2
2098,2015-09-03,2
2099,2015-09-03,2
2100,2015-09-03,2
2101,2015-09-03,2
2102,2015-09-03,2
2103,2015-09-03,2
2104,2015-09-02,2
2105,2015-09-02,1
2106,2015-09-02,0
2107,2015-09-02,2
2108,2015-09-02,1
2109,2015-09-02,2
2110,2015-09-02,2
2111,2015-09-02,2
2112,2015-09-01,1
2113,2015-09-01,1
2114,2015-09-01,2
2115,2015-08-31,2
2116,2015-08-31,3
2117,2015-08-31,0
2118,2015-08-31,2
2119,2015-08-29,2
2120,2015-08-29,2
2121,2015-08-29,2
2122,2015-08-28,2
2123,2015-08-28,3
2124,2015-08-28,3
2125,2015-08-28,2
2126,2015-08-28,2
2127,2015-08-27,2
2128,2015-08-27,2
2129,2015-08-27,2
2130,2015-08-27,2
2131,2015-08-27,2
2132,2015-08-27,2
2133,2015-08-26,1
2134,2015-08-26,2
2135,2015-08-25,3
2136,2015-08-25,2
2137,2015-08-25,0
2138,2015-08-25,2
2139,2015-08-24,3
2140,2015-08-24,1
2141,2015-08-24,2
2142,2015-08-24,2
2143,2015-08-22,2
2144,2015-08-22,2
2145,2015-08-22,2
2146,2015-08-21,1
2147,2015-08-21,2
2148,2015-08-21,2
2149,2015-08-21,2
2150,2015-08-21,1
2151,2015-08-21,2
2152,2015-08-20,3
2153,2015-08-20,2
2154,2015-08-20,2
2155,2015-08-20,1
2156,2015-08-20,1
2157,2015-08-19,3
2158,2015-08-19,3
2159,2015-08-19,2
2160,2015-08-19,3
2161,2015-08-18,2
2162,2015-08-18,2
2163,2015-08-18,2
2164,2015-08-18,2
2165,2015-08-18,0
2166,2015-08-18,2
2167,2015-08-18,2
2168,2015-08-18,2
2169,2015-08-17,2
2170,2015-08-17,2
2171,2015-08-17,2
2172,2015-08-15,2
2173,2015-08-14,2
2174,2015-08-14,1
2175,2015-08-14,2
2176,2015-08-14,1
2177,2015-08-14,2
2178,2015-08-14,2
2179,2015-08-14,0
2180,2015-08-14,3
2181,2015-08-13,3
2182,2015-08-13,2
2183,2015-08-13,2
2184,2015-08-13,3
2185,2015-08-13,2
2186,2015-08-13,2
2187,2015-08-13,2
2188,2015-08-13,0
2189,2015-08-13,1
2190,2015-08-12,1
2191,2015-08-12,2
2192,2015-08-12,2
2193,2015-08-12,0
2194,2015-08-12,2
2195,2015-08-12,2
2196,2015-08-11,3
2197,2015-08-11,2
2198,2015-08-11,3
2199,2015-08-11,0
2200,2015-08-11,2
2201,2015-08-11,2
2202,2015-08-11,2
2203,2015-08-10,2
2204,2015-08-10,1
2205,2015-08-10,2
2206,2015-08-09,2
2207,2015-08-07,2
2208,2015-08-07,2
2209,2015-08-07,1
2210,2015-08-07,2
2211,2015-08-07,2
2212,2015-08-06,3
2213,2015-08-06,3
2214,2015-08-06,2
2215,2015-08-04,2
2216,2015-08-04,2
2217,2015-08-04,2
2218,2015-08-04,2
2219,2015-08-04,2
2220,2015-08-03,3
2221,2015-08-03,2
2222,2015-08-03,2
2223,2015-08-03,2
2224,2015-08-02,2
2225,2015-07-31,1
2226,2015-07-31,3
2227,2015-07-31,3
2228,2015-07-31,2
2229,2015-07-31,2
2230,2015-07-31,2
2231,2015-07-31,2
2232,2015-07-30,2
2233,2015-07-30,2
2234,2015-07-29,2
2235,2015-07-29,2
2236,2015-07-28,2
2237,2015-07-28,2
2238,2015-07-28,2
2239,2015-07-27,2
2240,2015-07-27,2
2241,2015-07-27,3
2242,2015-07-27,3
2243,2015-07-27,2
2244,2015-07-27,2
2245,2015-07-25,2
2246,2015-07-25,2
2247,2015-07-24,2
2248,2015-07-24,2
2249,2015-07-24,2
2250,2015-07-23,1
2251,2015-07-23,1
2252,2015-07-23,3
2253,2015-07-23,3
2254,2015-07-23,1
2255,2015-07-23,2
2256,2015-07-22,2
2257,2015-07-22,2
2258,2015-07-22,1
2259,2015-07-22,2
2260,2015-07-22,2
2261,2015-07-21,1
2262,2015-07-21,2
2263,2015-07-21,2
2264,2015-07-21,2
2265,2015-07-21,1
2266,2015-07-21,2
2267,2015-07-21,2
2268,2015-07-20,3
2269,2015-07-20,2
2270,2015-07-20,1
2271,2015-07-20,2
2272,2015-07-19,3
2273,2015-07-18,2
2274,2015-07-17,2
2275,2015-07-16,2
2276,2015-07-15,1
2277,2015-07-15,2
2278,2015-07-15,3
2279,2015-07-15,2
2280,2015-07-14,2
2281,2015-07-14,1
2282,2015-07-12,3
2283,2015-07-08,2
2284,2015-07-04,2
2285,2015-07-03,2
2286,2015-06-29,3
2287,2015-06-27,2
2288,2015-06-26,3
2289,2015-06-26,2
2290,2015-06-25,2
2291,2015-06-24,2
2292,2015-06-23,2
2293,2015-06-23,2
2294,2015-06-15,2
2295,2015-06-15,2
2296,2015-06-15,2
2297,2015-06-15,3
2298,2015-06-14,2
2299,2015-06-13,3
2300,2015-06-11,3
2301,2015-06-06,3
2302,2015-06-06,2
2303,2015-06-05,3
2304,2015-06-05,2
2305,2015-06-05,3
2306,2015-06-03,3
2307,2015-06-03,3
2308,2015-06-03,2
2309,2015-06-03,2
2310,2015-06-03,2
2311,2015-05-30,2
2312,2015-05-30,2
2313,2015-05-26,2
2314,2015-05-25,3
2315,2015-05-25,2
2316,2015-05-25,2
2317,2015-05-25,2
2318,2015-05-23,2
2319,2015-05-20,2
2320,2015-05-19,2
2321,2015-05-16,2
2322,2015-05-13,3
2323,2015-05-11,2
2324,2015-05-10,3
2325,2015-05-08,2
2326,2015-05-08,3
2327,2015-05-07,2
2328,2015-05-07,3
2329,2015-05-06,2
2330,2015-05-05,2
2331,2015-05-04,3
2332,2015-04-25,2
2333,2015-04-20,2
2334,2015-04-18,2
2335,2015-04-18,3
2336,2015-04-18,2
2337,2015-04-17,2
2338,2015-04-17,3
2339,2015-04-15,3
2340,2015-04-15,3
2341,2015-04-15,3
2342,2015-04-14,2
2343,2015-04-14,3
2344,2015-04-13,2
2345,2015-04-12,2
2346,2015-04-12,3
2347,2015-04-12,2
2348,2015-04-11,2
2349,2015-04-11,2
2350,2015-04-11,2
2351,2015-04-11,2
2352,2015-04-10,2
2353,2015-04-08,2
2354,2015-04-08,2
2355,2015-04-07,3
2356,2015-04-07,2
2357,2015-04-07,2
2358,2015-04-07,2
2359,2015-04-06,2
2360,2015-04-06,3
2361,2015-04-05,2
2362,2015-04-05,2
2363,2015-04-04,3
2364,2015-04-04,3
2365,2015-03-31,2
2366,2015-03-31,3
2367,2015-03-30,2
2368,2015-03-29,2
2369,2015-03-29,2
2370,2015-03-27,2
2371,2015-03-27,3
2372,2015-03-27,2
2373,2015-03-24,3
2374,2015-03-22,3
2375,2015-03-22,3
2376,2015-03-21,3
2377,2015-03-18,2
2378,2015-03-16,2
2379,2015-03-15,2
2380,2015-03-15,0
2381,2015-03-13,2
2382,2015-03-13,2
2383,2015-03-13,2
2384,2015-03-13,2
2385,2015-03-07,3
2386,2015-03-07,3
2387,2015-03-04,2
2388,2015-03-03,2
2389,2015-03-01,3
2390,2015-03-01,2
2391,2015-02-28,3
2392,2015-02-28,2
2393,2015-02-26,2
2394,2015-02-26,3
2395,2015-02-22,3
2396,2015-02-17,3
2397,2015-02-16,2
2398,2015-02-15,2
2399,2015-02-15,2
2400,2015-02-15,3
2401,2015-02-14,3
2402,2015-02-14,2
2403,2015-02-12,3
2404,2015-02-12,2
2405,2015-02-12,3
2406,2015-02-12,2
2407,2015-02-11,2
2408,2015-02-09,2
2409,2015-02-09,2
2410,2015-02-08,2
2411,2015-02-08,2
2412,2015-02-07,2
2413,2015-02-04,3
2414,2015-01-31,3
2415,2015-01-31,2
2416,2015-01-31,3
2417,2015-01-31,2
2418,2015-01-29,3
2419,2015-01-29,3
2420,2015-01-28,3
2421,2015-01-27,3
2422,2015-01-27,3
2423,2015-01-26,2
2424,2015-01-26,2
2425,2015-01-26,2
2426,2015-01-26,3
2427,2015-01-25,2
2428,2015-01-25,2
2429,2015-01-22,2
2430,2015-01-22,3
2431,2015-01-22,2
2432,2015-01-22,2
2433,2015-01-21,3
2434,2015-01-19,2
2435,2015-01-18,2
2436,2015-01-18,2
2437,2015-01-17,2
2438,2015-01-16,2
2439,2015-01-16,3
2440,2015-01-16,2
2441,2015-01-16,3
2442,2015-01-11,2
2443,2015-01-11,2
2444,2015-01-11,2
2445,2015-01-11,2
2446,2015-01-10,2
2447,2015-01-10,3
2448,2015-01-10,1
2449,2015-01-10,3
2450,2015-01-10,3
2451,2015-01-09,3
2452,2015-01-09,2
2453,2015-01-08,3
2454,2015-01-07,3
2455,2015-01-06,2
2456,2015-01-05,3
2457,2015-01-05,3
2458,2015-01-05,2
2459,2015-01-04,2
2460,2015-01-04,2
2461,2015-01-03,3
2462,2015-01-01,3
2463,2015-01-01,2
2464,2014-12-30,3
2465,2014-12-30,3
2466,2014-12-30,3
2467,2014-12-30,2
2468,2014-12-29,2
2469,2014-12-28,2
2470,2014-12-27,2
2471,2014-12-27,2
2472,2014-12-26,2
2473,2014-12-26,2
2474,2014-12-25,2
2475,2014-12-25,2
2476,2014-12-24,3
2477,2014-12-21,3
2478,2014-12-21,2
2479,2014-12-20,3
2480,2014-12-18,2
2481,2014-12-13,3
2482,2014-12-11,3
2483,2014-12-10,3
2484,2014-12-10,3
2485,2014-12-07,2
2486,2014-12-06,2
2487,2014-12-06,2
2488,2014-12-04,2
2489,2014-12-04,3
2490,2014-12-02,2
2491,2014-12-02,3
2492,2014-12-02,2
2493,2014-11-30,2
2494,2014-11-30,2
2495,2014-11-30,2
2496,2014-11-29,2
2497,2014-11-28,2
2498,2014-11-28,2
2499,2014-11-28,2
2500,2014-11-28,2
2501,2014-11-28,2
2502,2014-11-27,3
2503,2014-11-27,3
2504,2014-11-27,2
2505,2014-11-27,2
2506,2014-11-27,3
2507,2014-11-23,2
2508,2014-11-23,3
2509,2014-11-22,2
2510,2014-11-22,3
2511,2014-11-22,2
2512,2014-11-20,2
2513,2014-11-17,0
2514,2014-11-16,2
2515,2014-11-16,2
2516,2014-11-15,2
2517,2014-11-15,2
2518,2014-11-14,3
2519,2014-11-14,3
2520,2014-11-13,2
2521,2014-11-13,3
2522,2014-11-09,2
2523,2014-11-09,3
2524,2014-11-09,3
2525,2014-11-08,3
2526,2014-11-07,2
2527,2014-11-06,2
2528,2014-11-02,2
2529,2014-11-02,2
2530,2014-10-31,2
2531,2014-10-31,2
2532,2014-10-31,2
2533,2014-10-30,2
2534,2014-10-30,3
2535,2014-10-28,3
2536,2014-10-28,2
2537,2014-10-28,3
2538,2014-10-27,2
2539,2014-10-27,2
2540,2014-10-26,2
2541,2014-10-26,2
2542,2014-10-25,2
2543,2014-10-23,2
2544,2014-10-22,2
2545,2014-10-22,3
2546,2014-10-20,2
2547,2014-10-18,3
2548,2014-10-18,3
2549,2014-10-17,3
2550,2014-10-16,2
2551,2014-10-15,2
2552,2014-10-11,2
2553,2014-10-10,3
2554,2014-10-10,2
2555,2014-10-09,2
2556,2014-10-09,2
2557,2014-10-09,2
2558,2014-10-05,3
2559,2014-10-05,2
2560,2014-10-05,2
2561,2014-10-05,3
2562,2014-10-05,3
2563,2014-10-05,2
2564,2014-10-04,2
2565,2014-10-03,3
2566,2014-10-01,3
2567,2014-09-30,2
2568,2014-09-30,3
2569,2014-09-28,2
2570,2014-09-28,2
2571,2014-09-27,2
2572,2014-09-27,2
2573,2014-09-26,3
2574,2014-09-24,3
2575,2014-09-21,2
2576,2014-09-21,3
2577,2014-09-21,2
2578,2014-09-21,3
2579,2014-09-20,3
2580,2014-09-18,3
2581,2014-09-18,0
2582,2014-09-17,3
2583,2014-09-15,2
2584,2014-09-14,3
2585,2014-09-13,2
2586,2014-09-13,2
2587,2014-09-13,3
2588,2014-09-12,3
2589,2014-09-12,3
2590,2014-09-11,3
2591,2014-09-11,2
2592,2014-09-09,3
2593,2014-09-08,1
2594,2014-09-08,2
2595,2014-09-08,2
2596,2014-09-08,3
2597,2014-09-07,2
2598,2014-09-07,3
2599,2014-09-06,3
2600,2014-09-05,2
2601,2014-09-03,2
2602,2014-09-01,2
2603,2014-09-01,2
2604,2014-09-01,2
2605,2014-08-31,2
2606,2014-08-31,3
2607,2014-08-31,2
2608,2014-08-30,2
2609,2014-08-29,2
2610,2014-08-29,3
2611,2014-08-28,2
2612,2014-08-28,3
2613,2014-08-27,3
2614,2014-08-27,2
2615,2014-08-27,2
2616,2014-08-24,2
2617,2014-08-23,3
2618,2014-08-23,3
2619,2014-08-22,2
2620,2014-08-22,3
2621,2014-08-22,3
2622,2014-08-21,3
2623,2014-08-20,2
2624,2014-08-20,3
2625,2014-08-19,3
2626,2014-08-18,2
2627,2014-08-18,2
2628,2014-08-17,2
2629,2014-08-17,0
2630,2014-08-17,2
2631,2014-08-16,3
2632,2014-08-16,3
2633,2014-08-16,2
2634,2014-08-16,3
2635,2014-08-15,3
2636,2014-08-15,2
2637,2014-08-12,2
2638,2014-08-12,3
2639,2014-08-12,2
2640,2014-08-11,3
2641,2014-08-11,3
2642,2014-08-10,2
2643,2014-08-10,2
2644,2014-08-09,3
2645,2014-08-09,2
2646,2014-08-09,2
2647,2014-08-07,2
2648,2014-08-05,3
2649,2014-08-03,2
2650,2014-08-02,3
2651,2014-08-02,2
2652,2014-08-02,3
2653,2014-08-01,2
2654,2014-08-01,3
2655,2014-08-01,3
2656,2014-07-31,3
2657,2014-07-27,3
2658,2014-07-26,2
2659,2014-07-26,2
2660,2014-07-26,3
2661,2014-07-24,3
2662,2014-07-24,3
2663,2014-07-24,3
2664,2014-07-20,3
2665,2014-07-19,3
2666,2014-07-19,2
2667,2014-07-16,2
2668,2014-07-16,3
2669,2014-07-15,3
2670,2014-07-13,2
2671,2014-07-13,3
2672,2014-07-12,2
2673,2014-07-11,3
2674,2014-07-10,3
2675,2014-07-09,2
2676,2014-07-09,3
2677,2014-07-08,3
2678,2014-07-08,2
2679,2014-07-08,3
2680,2014-07-08,2
2681,2014-07-07,2
2682,2014-07-06,2
2683,2014-07-06,2
2684,2014-07-05,2
2685,2014-07-04,2
2686,2014-07-04,2
2687,2014-07-04,2
2688,2014-07-03,2
2689,2014-07-03,3
2690,2014-07-03,2
2691,2014-06-30,2
2692,2014-06-30,2
2693,2014-06-29,3
2694,2014-06-28,2
2695,2014-06-26,2
2696,2014-06-26,2
2697,2014-06-25,2
2698,2014-06-25,2
2699,2014-06-25,2
2700,2014-06-24,2
2701,2014-06-24,3
2702,2014-06-23,3
2703,2014-06-23,2
2704,2014-06-23,2
2705,2014-06-22,3
2706,2014-06-22,1
2707,2014-06-21,3
2708,2014-06-21,2
2709,2014-06-16,2
2710,2014-06-15,3
2711,2014-06-14,2
2712,2014-06-11,3
2713,2014-06-08,2
2714,2014-06-08,2
2715,2014-06-08,3
2716,2014-06-07,2
2717,2014-06-07,2
2718,2014-06-07,3
2719,2014-06-07,2
2720,2014-06-06,2
2721,2014-06-06,2
2722,2014-06-02,3
2723,2014-05-31,2
2724,2014-05-31,2
2725,2014-05-30,3
2726,2014-05-30,2
2727,2014-05-30,3
2728,2014-05-29,2
2729,2014-05-26,2
2730,2014-05-25,2
2731,2014-05-25,2
2732,2014-05-25,2
2733,2014-05-25,3
2734,2014-05-24,2
2735,2014-05-24,3
2736,2014-05-24,3
2737,2014-05-24,3
2738,2014-05-23,2
2739,2014-05-23,2
2740,2014-05-21,2
2741,2014-05-18,2
2742,2014-05-18,2
2743,2014-05-17,2
2744,2014-05-15,2
2745,2014-05-15,2
2746,2014-05-10,2
2747,2014-05-10,2
2748,2014-05-08,2
2749,2014-05-06,3
2750,2014-05-05,3
2751,2014-05-05,3
2752,2014-05-05,2
2753,2014-05-05,2
2754,2014-05-05,3
2755,2014-05-04,2
2756,2014-05-03,2
2757,2014-05-03,2
2758,2014-05-02,3
2759,2014-05-02,3
2760,2014-04-29,3
2761,2014-04-27,2
2762,2014-04-27,2
2763,2014-04-26,2
2764,2014-04-25,2
2765,2014-04-25,3
2766,2014-04-24,2
2767,2014-04-24,2
2768,2014-04-21,3
2769,2014-04-21,3
2770,2014-04-20,2
2771,2014-04-20,2
2772,2014-04-20,2
2773,2014-04-20,2
2774,2014-04-20,2
2775,2014-04-20,2
2776,2014-04-19,3
